:1000000000800020BD01000081B6000045B6000060
:1000100045B6000045B6000045B6000045B60000F4
:1000200045B6000045B6000045B6000081B60000A8
:1000300081B6000045B6000061DC000051DD000023
:1000400081B6000081B6000081B6000081B60000D4
:1000500081B6000081B6000081B6000081B60000C4
:1000600081B6000081B6000081B6000081B60000B4
:1000700081B6000081B6000081B6000081B60000A4
:1000800081B6000081B6000081B6000081B6000094
:1000900081B6000081B6000081B6000081B6000084
:1000A000594400006944000081B6000081B6000098
:1000B00081B6000081B6000081B6000081B6000064
:1000C00081B6000081B6000081B6000081B6000054
:1000D00081B6000081B6000081B6000081B6000044
:1000E00081B6000081B6000081B6000081B6000034
:1000F00081B60000A1C1000081B6000015C9000052
:1001000081B60000BDE3000081B6000081B60000AA
:1001100081B6000081B6000081B6000081B6000003
:1001200081B6000081B6000081B6000081B60000F3
:1001300081B6000081B6000081B6000081B60000E3
:1001400081B6000081B6000081B6000081B60000D3
:1001500081B6000081B6000081B6000081B60000C3
:1001600081B60000F1CB000081B6000081B600002E
:1001700081B6000081B6000081B6000081B60000A3
:1001800081B6000081B6000081B6000081B6000093
:1001900081B6000081B6000081B6000081B6000083
:1001A00081B6000081B6000081B6000081B6000073
:1001B00081B6000081B6000081B60000564B4CF2BB
:1001C000205210B51A804DF628121A8000BF00BFC9
:1001D0000BF05AFA514B4FF010621A60504A9A6075
:1001E000504ADA60504A136813F4807304D14F49BF
:1001F0000B604FF4A85313604D4B1A78110703D5C9
:100200001A7842F008021A704A4B4B492A221A7097
:100210004A4A4B4B8B4204D252F8040F43F8040B6A
:10022000F8E7484B484900228B4202D243F8042B9E
:10023000FAE74649464A002352F8230041F82300D2
:1002400001336F2BF8D1434B434A802103F8011B44
:100250009342FBD1414B3D4A1A60414B8A221A70AE
:10026000A3F5805324225A70A0221A709A7992071B
:10027000FCD59A79D406FCD43A4A937903F00C035E
:10028000082B384BF9D103221A7140225A719A79FE
:100290009006FCD5334A9179324B4906FBD5324A58
:1002A000324911600221516020221A709A7902F0BD
:1002B0000C020C2AFAD12E4B2E4A1A602E4B4BF60A
:1002C0007F321A6000225A60072243F8042C2B4A1E
:1002D000C3F80C2D62B60BF0D7FB144B1B68DA0782
:1002E00005D527480BF094FA264B274A1A60274B6E
:1002F0001B785B0609D5234C234B22689A4204D114
:100300001F480BF085FA002323600EF0D7FD0BF099
:10031000C1F90DF033FFFEE70E20054030800440A8
:10032000823F04000100002B10D0034014D0034092
:1003300002D0074000E0074028A8FF1FD07D010041
:100340002087FF1F28A8FF1FDC2A00200082FF1F34
:100350000000000000E400E05FE400E008ED00E0E1
:100360000050064000400640448004400000131145
:1003700004800440C010050014E000E000002020CC
:10038000B4D3226A1CE00340A5C3945A00F007408E
:10039000FFFFFFFFFFFFFFFFFFFFFFFFFFFFFFFF6D
:1003A000FFFFFFFFFFFFFFFFFFFFFFFFFFFFFFFF5D
:1003B000FFFFFFFFFFFFFFFFFFFFFFFFFFFFFFFF4D
:1003C000FFFFFFFFFFFFFFFFFFFFFFFFFFFFFFFF3D
:1003D000FFFFFFFFFFFFFFFFFFFFFFFFFFFFFFFF2D
:1003E000FFFFFFFFFFFFFFFFFFFFFFFFFFFFFFFF1D
:1003F000FFFFFFFFFFFFFFFFFFFFFFFFFFFFFFFF0D
:10040000FFFFFFFFFFFFFFFFFFFFFFFFDEF9FFFF23
:1004100010B5054C237833B9044B13B10448AFF33E
:1004200000800123237010BD28A8FF1F00000000DA
:10043000CC7D0100084B10B51BB108490848AFF34B
:1004400000800848036803B910BD074B002BFBD0A0
:10045000BDE81040184700BF000000002CA8FF1F97
:10046000CC7D010028A8FF1F00000000002070477D
:10047000704700BF10B50446143002F05DFE204600
:1004800010BD00BF10B504460C3002F055FE2046EA
:1004900010BD00BF08B500F58C6007F0DDF808BDA1
:1004A00008B500F58C6007F015F808BD08B500F533
:1004B0008C6007F057F808BD08B500F58C6006F0B1
:1004C000BFFF08BD08B5083005F0B2FD08BD00BF8C
:1004D00008B5083005F070FE08BD00BF00B583B058
:1004E00002AB03F8011D01221946083005F064FE35
:1004F00003B05DF804FB00BFF0B585B00D460A22DD
:1005000001A911F01DF90446019803782D2B18BF9D
:10051000FF2037D1013004A941F80C0D0A2211F057
:100520000FF90646019B1A782D2A18BFFF2029D102
:10053000581C04A941F80C0D0A2211F001F9019B85
:100540001B78E3B9F6B2C7B23B463246A1B20E48B9
:1005500004F0BAFCA8B14E348DF80E408DF80D6051
:100560008DF80C7000248DF80A408DF8094004A81D
:1005700000F8084D04F046FE2860204602E0FF2007
:1005800000E0FF2005B0F0BDA8FBFF1FF0B585B06F
:100590000524434E434F444D782203A9304607F0CB
:1005A00001FA002861D17279531EDBB20E2B4BD8B1
:1005B000039A3E493C480DF04FFD039804F036FD88
:1005C00000283BD0384C039A394920460DF044FDB1
:1005D0000399DFF808E181FB0E230B44C817C0EB39
:1005E000E3234FF4616202FB1313324D85FB036278
:1005F0001A44DB17C3EB62132F4E81FB0667CA193F
:10060000C0EB22422D4E06FB12128EFB02761644E0
:10061000D217C2EBE62281FB0567CD19C0EB65104E
:10062000C0EB0010A1EB8001C9B20091DBB2D2B2E5
:10063000234920460DF010FD00202FE021491A48E3
:100640000DF00AFDFF2029E052B9737C327CF17C69
:100650000191B17C00911C4928460DF0FDFC0BE096
:100660001A4928460DF0F8FC06E0F0280CBF18499E
:10067000394628460DF0F0FC164928460DF0ECFCF2
:1006800042F210700BF0EAF9134928460DF0E4FC31
:10069000631E13F0FF047FF47FAFFF2005B0F0BDB1
:1006A000EC1F0020E4580100C89DFF1F44580100C2
:1006B000545801008988888807452EC2805101005E
:1006C000645801008058010094580100B45801009A
:1006D000CC580100F8580100E0580100C5B3A291C0
:1006E00084B0164B1B681BB1B3F1FF3F0CD01DE06B
:1006F000F8B1134B1B680193019A124B1A604FF02B
:10070000FF320E4B1A6011E050B90D4B1B6802937B
:10071000029B0C4A1068181A0022084B1A600AE063
:10072000074B1B680393039A064B1A60054B186826
:1007300001E04FF0FF3004B0704700BFA01C002064
:10074000D427002070FCFF1F0278042A0DD038B592
:1007500004464FF6FF70064D0146284603F00EFF93
:1007600014F8012F042AF7D138BD4FF6FF707047F7
:10077000D8C7FF1F0B78042B18D00D2B14D00A2BD1
:1007800018D04A1C03E00D2B0ED00A2B12D01146B4
:1007900000F8013B12F8013B042BF4D106E0037092
:1007A00000234370481C70470D23F8E700210170B7
:1007B000084670470A23F2E70B782BB100F8013B9B
:1007C00011F8013F002BF9D10A230370042300F82C
:1007D000013F704770B504463D210FF02DFA002807
:1007E0002CD12F4D2146284604F0DCF80446014662
:1007F000284604F035F9002845D02A4920460FF054
:1008000079FE002841D1284920460FF073FE0028C8
:100810003DD1264920460FF06DFE002839D12449EC
:1008200020460FF067FE002835D1224920460FF000
:1008300061FE00280CBFFE20EF2070BD461C002288
:100840000270174D2146284604F0ACF804460146D4
:10085000284604F0E3F82146284604F045F93146DD
:10086000284604F09FF8054620460FF029FC431C5B
:1008700023443D2222549D420FD0294618460FF0B2
:10088000BDFB002070BDFE2070BDDF2070BDAF201D
:1008900070BDBF2070BDCF2070BD002070BD00BFF7
:1008A000D8C7FF1F1C590100285901003459010005
:1008B000405901005059010008B5034641F20602B3
:1008C00005498A5A054906480DF0C6FB054A1388B2
:1008D0000133138008BD00BFD8C7FF1F8C5901002A
:1008E000C89DFF1FB820002070B505460478A4B14C
:1008F00020460EF00BFB50B920460EF011FB30B92C
:100900002246074907480DF0A7FB002070BD15F8E7
:10091000014F002CECD1012070BD012070BD00BF43
:10092000B0590100C89DFF1FF8B500EB40020F4B06
:1009300013F81230B3B90F4606460C4D05EB4200D2
:100940000FF05CFB06350124A64204D02946384648
:100950000FF0EAF940B10134E4B206350B2CF3D1C3
:100960000120F8BD0020F8BD0020F8BDCC210020FA
:1009700070B504460FF0A4FB052847D1651C237809
:10098000A3F13002092A43D8601D294611F8012B32
:10099000303A092A3ED88142F8D162789A4204D08E
:1009A0001A4628460021302610E00134012214F8AE
:1009B000011F994204D10132D2B2042AF7D12BE0AF
:1009C000042A2BD01A4628460021ECE7392A1ABF00
:1009D0000132D2B2324610F8014B944224D1013197
:1009E000C9B20429F2D11BE0302B1ABF03F1FF3347
:1009F000DBB20B4615F8012B9A4203D10130C0B28D
:100A00000428F1D1043818BF012070BD002070BD4A
:100A1000002070BD002070BD002070BD002070BDA2
:100A2000002070BD002070BD0429FBD000203921BA
:100A3000DAE700BF2DE9F04389B006463D210FF00B
:100A4000FBF840B99A499B4804F0C0F89A4A1388C9
:100A50000133138041E20446451C0023037041F238
:100A6000040294498B52294668460FF0C7FA28467B
:100A70000FF026FB0746102804D990498D4804F052
:100A8000A5F820E28E4930460FF04EF9B0B9042F98
:100A90000FD128460EF002FA80B242F20F7398424C
:100AA00002D8884B18800EE28749824804F08EF8FD
:100AB00009E285497F4804F089F804E28349304619
:100AC0000FF032F9F8B929467A4804F019F8804F46
:100AD0000026DFF86092DFF8DC8157F8041F284613
:100AE0000FF022F920B929467A480FF087FAEAE197
:100AF000F3B2052B03D94946404604F067F80136A6
:100B0000072EEAD1DFE1744930460FF00DF968B9DC
:100B1000637833B171492846FFF7EEFC002800F0F6
:100B2000D2816F49634804F051F8CCE16D493046F9
:100B30000FF0FAF850B96378002B00F0C481294611
:100B40005C4803F0D7FE684B1880BCE1674930462B
:100B50000FF0EAF8E0B96378B3B12946554803F0DD
:100B6000C9FE024658B1B0F5057F08D0604961481A
:100B70000DF072FA60494F4804F028F8A3E12946C5
:100B80005E480FF03BFA9EE13046FFF795FE9AE192
:100B90005B4930460FF0C8F8B0B9637883B1694655
:100BA000444803F031FE574B984204D1564941481E
:100BB00004F00CF887E1294654480FF01FFA82E14F
:100BC0003046FFF779FE7EE1514930460FF0ACF830
:100BD000B0B9637883B16946364803F015FE494BD6
:100BE000984204D14849334803F0F0FF6BE12946AD
:100BF00048480FF003FA66E13046FFF75DFE62E118
:100C0000454930460FF090F8B8B963788BB1694622
:100C1000284803F059FD4FF6FF73984204D13F492D
:100C2000244803F0D3FF4EE129463D480FF0E6F992
:100C300049E13046FFF740FE45E13A4930460FF0C2
:100C400073F8B8B963788BB169461A4803F03CFD74
:100C50004FF6FF73984204D13049164803F0B6FFAF
:100C600031E1294630480FF0C9F92CE13046FFF751
:100C700023FE28E12D4930460FF056F800285BD1BD
:100C800063788BB169460B4803F01EFD4FF6FF7386
:100C9000984204D12149074803F098FF13E12946FF
:100CA00023480FF0ABF90EE13046FFF705FE0AE1ED
:100CB0007C5B0100D8C7FF1F38200020C459010009
:100CC000DC590100D08DFF1FE4590100045A0100D6
:100CD0004497FF1FD0C6FF1F0C5A010044A8FF1FF6
:100CE000185A01002C5A0100F496FF1F385A0100CF
:100CF000445A0100C89DFF1F585A0100C88DFF1FAC
:100D0000745A0100805101007C5A0100B895FF1F00
:100D10008C5A0100D48DFF1F945A0100A05A010083
:100D2000EC96FF1FB45A01006497FF1FC05A0100E0
:100D30006C97FF1FFC590100694930460EF0F4FF23
:100D4000F8B96378CBB12946664803F0D9FE664B03
:100D5000196828460EF0E8FF28B1634B5968284609
:100D60000EF0E2FF20B9294660480FF047F9AAE0EB
:100D70005F495C4803F02AFFA5E03046FFF79CFD81
:100D8000A1E05C4930460EF0CFFFA0B9637873B1A3
:100D90006946544803F0DCFE20B95749514803F036
:100DA00015FF90E0294655480FF028F98BE03046B2
:100DB000FFF782FD87E0524930460EF0B5FFA0B93B
:100DC000637873B16946474803F0C2FE20B94D49C4
:100DD000444803F0FBFE76E029464B480FF00EF93D
:100DE00071E03046FFF768FD6DE0484930460EF08F
:100DF0009BFFA0B9637873B169463A4803F0A8FE37
:100E000020B94349374803F0E1FE5CE029464148F8
:100E10000FF0F4F857E03046FFF74EFD53E03E493F
:100E200030460EF081FF28BB6378FBB129462D4880
:100E300003F066FE0026DFF8FC90DFF8FC80294F07
:100E400059F8261028460EF06FFF20B9294633487E
:100E50000FF0D4F837E0F3B2042B03D941463846FB
:100E600003F0B4FE0136062EEAD12CE03046FFF73F
:100E700023FD28E02A4930460EF056FFF8B9637882
:100E8000CBB12946174803F03BFE174B196828469B
:100E90000EF04AFF28B1144B596828460EF044FF63
:100EA00020B929461F480FF0A9F80CE01E490D484B
:100EB00003F08CFE07E03046FFF7FEFC03E01B4921
:100EC000084803F083FE3D232370194A41F20403CE
:100ED0000449C95A13880B44138009B0BDE8F08354
:100EE000CC5A0100D8C7FF1F7497FF1F4C90FF1FFB
:100EF000D45A0100F45A0100EC5A010060FCFF1FB3
:100F0000005B0100F85A010050FCFF1F085B010064
:100F1000145B0100BC210020285B0100F896FF1F34
:100F2000445B01009897FF1F485B01005C5B010078
:100F3000382000207C97FF1F2C5B0100F8B5054688
:100F40003D210EF079FE40B95A495B4803F03EFE60
:100F50005A4A138801331380F8BD0446461C002307
:100F6000037041F2040254498B5230460FF0A8F846
:100F7000082804D95249504803F028FE8FE051490F
:100F800028460FF0B7FA48B363781BB3A91D4A4847
:100F900003F078FD0546FF2804D14B49464803F08D
:100FA00015FE7CE0444F3146384603F0E7FB01462E
:100FB000384603F0D9FB40B105EB450531464348BF
:100FC00000EBC5000FF01AF869E041493A4803F018
:100FD000FDFD64E02846FFF76FFC60E03D492846D0
:100FE0000FF088FA58B363782BB305F10801324843
:100FF00003F048FD0546FF2804D133492E4803F08D
:10100000E5FD4CE02C4F3146384603F0B7FB014676
:10101000384603F0A9FB48B105EB45052B4B03EB24
:10102000C500314608300EF0E9FF38E02849224873
:1010300003F0CCFD33E02846FFF73EFC2FE02649C5
:1010400028460FF057FA30B3637803B305F108016F
:10105000194803F017FD0546FF2804D11A49164820
:1010600003F0B4FD1BE03146134803F01BFC48B10C
:1010700005EB4505154B03EBC500314610300EF06E
:10108000BDFF0CE015490C4803F0A0FD07E0284621
:10109000FFF712FC03E01249074803F097FD3D23D8
:1010A0002370064A41F204030349C95A13880B44CA
:1010B0001380F8BD745B0100D8C7FF1F38200020E3
:1010C000C4590100905B0100985B0100148FFF1F61
:1010D000A05A0100B45B0100C05B0100CC5B0100C1
:1010E0005C5B0100F8B505463D210EF0A5FD40B959
:1010F0005A495B4803F06AFD5A4A1388013313804A
:10110000F8BD0446461C0023037041F20402544912
:101110008B5230460EF0D4FF082804D9524950486B
:1011200003F054FD8FE0514928460FF0E3F948B32E
:1011300063781BB3A91D4A4803F0A4FC0546FF28A9
:1011400004D14B49464803F041FD7CE0444F314611
:10115000384603F013FB0146384603F005FB40B167
:1011600005EB45053146434800EBC5000EF046FF50
:1011700069E041493A4803F029FD64E02846FFF759
:101180009BFB60E03D4928460FF0B4F958B3637803
:101190002BB305F10801324803F074FC0546FF2823
:1011A00004D133492E4803F011FD4CE02C4F314659
:1011B000384603F0E3FA0146384603F0D5FA48B161
:1011C00005EB45052B4B03EBC500314608300EF00F
:1011D00015FF38E02849224803F0F8FC33E02846A0
:1011E000FFF76AFB2FE0264928460FF083F930B35A
:1011F000637803B305F10801194803F043FC054681
:10120000FF2804D11A49164803F0E0FC1BE03146E0
:10121000134803F047FB48B105EB4505154B03EBBD
:10122000C500314610300EF0E9FE0CE015490C48BF
:1012300003F0CCFC07E02846FFF73EFB03E0124931
:10124000074803F0C3FC3D232370064A41F2040320
:101250000349C95A13880B441380F8BD745B01001D
:10126000D8C7FF1F38200020C4590100DC5B0100F3
:10127000985B0100DC8DFF1FA05A0100E45B0100B8
:10128000F05B0100CC5B01005C5B010070B50546C2
:101290003D210EF0D1FC40B96C496D4803F096FC3D
:1012A0006C4A13880133138070BD0446461C00232A
:1012B000037041F2040266498B5230460EF000FF83
:1012C000082804D96449624803F080FCB3E063490C
:1012D00028460EF029FDC8B963789BB15C4D3146B4
:1012E000284603F04BFA0146284603F03DFA20B1A8
:1012F00031465B480EF082FE9DE05A49544803F0A7
:1013000065FC98E02846FFF7D7FA94E0564928464E
:101310000EF00AFDC8B963789BB14D4D31462846A1
:1013200003F02CFA0146284603F01EFA20B131469C
:101330004E480EF063FE7EE04A49454803F046FC05
:1013400079E02846FFF7B8FA75E0494928460EF0DB
:10135000EBFCA0B9637873B131463D4803F0A2FAC3
:1013600020B1314643480EF049FE64E04249384816
:1013700003F02CFC5FE02846FFF79EFA5BE03F4954
:1013800028460EF0D1FCC8B963789BB1304D314688
:10139000284603F0F3F90146284603F0E5F920B1A9
:1013A000314637480EF02AFE45E02E49284803F022
:1013B0000DFC40E02846FFF77FFA3CE03149284623
:1013C0000EF0B2FCC8B963789BB1214D3146284676
:1013D00003F0D4F90146284603F0C6F920B131469E
:1013E00029480EF00BFE26E01E49194803F0EEFBDB
:1013F00021E02846FFF760FA1DE0244928460EF058
:1014000093FCA0B9637873B13146114803F04AFAEE
:1014100020B131461E480EF0F1FD0CE016490C4893
:1014200003F0D4FB07E02846FFF746FA03E019492A
:10143000074803F0CBFB3D232370064A41F2040327
:101440000349C95A13880B44138070BD745B0100B3
:10145000D8C7FF1F38200020C4590100FC5B0100E1
:101460001897FF1FA05A0100085C01002097FF1F7A
:10147000185C01002897FF1FCC5B0100285C01006D
:101480003097FF1F345C01003897FF1F445C010058
:101490004097FF1F5C5B01002DE9F04706463D21A8
:1014A0000EF0CAFB48B96549654803F08FFB654AF1
:1014B000138801331380BDE8F0870446451C0023E0
:1014C000037041F204025E498B5228460EF0F8FD8B
:1014D000102804D95C495A4803F078FBA1E05B4925
:1014E00030460FF007F838B36378002B00F099808E
:1014F000711D534803F010FB0646C3B2142B04D9E8
:1015000053494F4803F062FB8BE02846FFF7ECF9A4
:1015100068B129464A4803F0F3FAF6B206EB8606AC
:1015200029464C4800EBC6000EF068FD79E04A49B8
:10153000434803F04BFB74E0484930460EF0DAFFB5
:1015400068B36378002B6CD0311D3D4803F0E4FA9A
:101550000646C7B2142F04D94149394803F036FB77
:101560005FE02846FFF704FAA0B129463846FFF7A6
:10157000DBF920B93B49324803F028FB51E0F6B2D1
:1015800006EB8606334B03EBC600294610300EF0FF
:1015900035FD46E034492A4803F018FB41E0334961
:1015A00030460EF0C1FB002837D06378002B38D0CE
:1015B000F11D234803F0B0FA0646C3B2142B04D938
:1015C0002B491F4803F002FB2BE063784BB32946FD
:1015D0001B4803F095FADFF8A0800027DFF89CA0F5
:1015E000DFF85C9058F8041B28460EF09DFB48B9C4
:1015F000F6B22820174B00FB0630294618300EF0B3
:10160000FDFC0EE0FBB2032B03D95146484603F024
:10161000DDFA0137052FE5D103E01649084803F04C
:10162000D5FA3D232370074A41F204030449C95AFD
:1016300013880B441380BDE8F08700BF745B010082
:10164000D8C7FF1F38200020C4590100545C010096
:101650005C5C0100A41C0020705C0100845C010043
:101660008C5C0100A05C0100B85C0100CC5C010056
:10167000D45C01005C5B01005490FF1FEC5C010036
:101680002DE9F04FA1B0284C04F548760125002142
:10169000894688460F46DFF898A0DFF8B0B02A46A2
:1016A00094F840304C2B04D0532B10D0492B11D040
:1016B00000E00127462B0FD1BAF800300133AAF819
:1016C0000030594619480CF0C7FC012104E04FF0E6
:1016D000010801E04FF0010928340135A642DED1AE
:1016E0002FB1B8F1000F02D0B9F1000F19D129B113
:1016F0000F4A1388013313800E4A09E00E4A41F263
:1017000004030E49C95A13880B44013313800C4A51
:101710000C4968460EF046FA6A460B4903480CF03D
:101720009BFC21B0BDE8F08FA41C0020C89DFF1FCA
:10173000B8200020045D010038200020D8C7FF1F1A
:101740000C5D0100585D0100985D0100145D010011
:101750002DE9F04107463D210EF06EFA461C304659
:101760000EF0AEFC5FFA80F838460EF0A9FCC5B268
:10177000164938460EF0BEFE20B1864294BF0824BA
:10178000102400E00824124938460EF0B3FE10B1D0
:10179000864288BF10240F4938460EF0ABFE10B1C8
:1017A000864288BF10240C4938460EF0A3FE10B1C3
:1017B000864288BF10240A233355681CC8EB0000FA
:1017C00054FA80F0C0B2BDE8F08100BFF45A0100C5
:1017D000005B01009C5D0100A45D01000378043BF7
:1017E000DBB2092B08D840F2412222FA03F313F0AE
:1017F000010F12D1002200E0002240F2412104E05A
:1018000021FA03F313F0010F08D1013210F8013F60
:10181000043BDBB2092BF8D8F2E70022501C7047DA
:1018200084B038B504AC84E80F00099D089C802280
:1018300000211A480DF062FF9DF8103043B104A951
:10184000164A02F8013B11F8013F002BF9D100E0E4
:10185000124A511C3D231370237833B1224601F8FC
:10186000013B12F8013F002BF9D100230B700B480C
:10187000FFF76EFF60B16B1E441EE4B22819074AE1
:1018800012F8011B03F8011F9842F9D101342544D5
:101890002846BDE8384004B0704700BFBC20002097
:1018A00070B582B00446534D534A2B4607CA03C352
:1018B0001A802B7813B90125504E07E04D4A04F8E1
:1018C000013B12F8013F002BF9D1F4E705EB85034A
:1018D00006EB830301941A6900920FCBFFF7A0FF78
:1018E000044601350E2DF1D1424E454B35460FCB06
:1018F00007C52B70337813B90125424E07E03D4AE6
:1019000004F8013B12F8013F002BF9D1F4E705EB95
:10191000850306EB830301941A6900920FCBFFF74E
:101920007FFF04460135252DF1D1324E364B354629
:101930000FCB07C52B70337813B90125334E07E061
:101940002C4A04F8013B12F8013F002BF9D1F4E7CF
:1019500005EB850306EB830301941A6900920FCB14
:10196000FFF75EFF04460135252DF1D1214E284BAE
:1019700035460FCB07C52B80337813B90125254E8B
:1019800007E01C4A04F8013B12F8013F002BF9D193
:10199000F4E705EB850306EB830301941A690092D3
:1019A0000FCBFFF73DFF04460135072DF1D1114D57
:1019B000194A2B4607CA03C31A702B7813B901259D
:1019C000164E07E00B4A04F8013B12F8013F002BCA
:1019D000F9D1F4E705EB850306EB830301941A695B
:1019E00000920FCBFFF71CFF044601353D2DF1D1CE
:1019F00002B070BDBC200020AC5D0100C095FF1F8F
:101A0000B85D01000088FF1FC85D0100E48AFF1F68
:101A1000D85D01006890FF1FE85D0100F490FF1F92
:101A200038B500280CBF4FF480754FF488550D4C25
:101A30002946204601F0ECF87F23A377204601F0E9
:101A40003FF9002384F828302946204601F0E0F8C9
:101A5000204601F015FA94F828007F2814BF0020D2
:101A6000012038BD48A8FF1F70B50D4660B322E0C5
:101A70001A491B480CF0F0FA21461A4801F0C8F840
:101A80009DB1194E29461948FEF774FE054660B10E
:101A9000338801333380134C14482063FFF79EFED4
:101AA000A063204601F052F9ECE70E480423837747
:101AB00001F006F970BD002141F206030C4AD15233
:101AC0004FF488540B4AD3E7002141F20603084A39
:101AD000D1524FF48074084ACAE700BF045E010087
:101AE000C89DFF1F48A8FF1FDED7FF1FBC20002096
:101AF000D8C7FF1FFC5D0100F45D010038B5002868
:101B000014BF4FF488554FF4807540F6FF7441F6CA
:101B1000FF73002818BF1C46084B094A002808BF5D
:101B20001A46084908480CF097FA631B01332A4605
:101B30000421064803F074F838BD00BFF45D0100CD
:101B4000FC5D01001C5E0100C89DFF1FA8FBFF1F7C
:101B500070B582B005460E4602460DF106010C48EE
:101B600002F01CFDBDF80640B4420ED1002D094D17
:101B700041F2FE0108BFFE21284601F049F82C84FD
:101B8000284601F02FF9002000E0FF2002B070BDD0
:101B9000D8C7FF1F48A8FF1F10B584B02C4C41F2D6
:101BA000F601204601F034F8204601F017FAE36A06
:101BB000284A1268934248D05BB941F2F6012046A8
:101BC00001F026F8234B1B686362204601F018F9E8
:101BD0003BE0214C214920460CF03EFA02A91C4B67
:101BE000D86A03F02FFA9DF80D309DF80E209DF86D
:101BF0000C10009102F2B272194920460CF02CFA36
:101C000002A9144B186803F01DFA9DF80D309DF8D9
:101C10000E209DF80C10009102F2B272114920467C
:101C20000CF01AFA0023104A1049114803F02EF85C
:101C300058B1074C41F2F601204600F0E9FF054B90
:101C40001B686362204601F0DBF804B010BD00BFE2
:101C500048A8FF1F44A8FF1FC89DFF1F345E010056
:101C6000605E01008C5E0100B45E0100DC5E01007C
:101C7000A8FBFF1F254B1A884FF6FF739A4244D0EA
:101C800010B5234C41F2F401204600F0C1FF20467C
:101C900001F096F9638D1D4A12889A4234D05BB9DF
:101CA00041F2F401204600F0B3FF184B1B88238457
:101CB000204601F097F810BD164C174920460CF04D
:101CC000CBF9134B5A8DD3B2120A144920460CF0AB
:101CD000C3F90E4B1A88D3B2120A114920460CF0F0
:101CE000BBF900230F4A1049104802F0CFFF58B14A
:101CF000074C41F2F401204600F08AFF034B1B8899
:101D00002384204601F06EF810BD7047F496FF1F43
:101D100048A8FF1FC89DFF1FE45E0100105F01007F
:101D2000385F0100605F0100DC5E0100A8FBFF1F5F
:101D3000234B1A884FF6FF739A4240D010B5214CBE
:101D400041F2F201204600F063FF204601F038F92D
:101D5000638D1B4A12889A4230D05BB941F2F2017E
:101D6000204600F055FF164B1B882384204601F0C7
:101D700039F810BD144C154920460CF06DF9114B83
:101D80005A8D134920460CF067F90D4B1A881149FA
:101D900020460CF061F900230F4A1049104802F068
:101DA00075FF58B1074C41F2F201204600F030FFB8
:101DB000034B1B882384204601F014F810BD7047A4
:101DC000D08DFF1F48A8FF1FC89DFF1F905F010017
:101DD000B85F0100D85F0100605F0100DC5E0100B8
:101DE000A8FBFF1F2DE9F04383B005460124244ED4
:101DF00006F10807DFF8908002E00134A4B24D46F6
:101E0000601E80B2337A13F0080F36D0736AF2691D
:101E10009B1A00D48BB301220DF10701384603F061
:101E20001BFF012827D19DF807300A2B10D105F19F
:101E300001092B7004236B700023AB7014F0010FA9
:101E4000DBD1104803685B68012241469847D4E71C
:101E50000D2B08BFA946D0D005F101092B70042332
:101E60006B700023AB7041F6FE739C42C5D9002312
:101E70006B70204601E0FF23EEE703B0BDE8F0837E
:101E800074FCFF1FC89DFF1FF85F0100F0B587B00D
:101E90000221042009F0FEFC0221062009F0FAFCD0
:101EA0000221082009F0F6FC02210A2009F0F2FCC8
:101EB0000221142009F0EEFC0221102009F0EAFCB6
:101EC000012009F0CBFD0121162009F0E3FC0121DE
:101ED000092009F0DFFC0021162009F0A9FC0021EF
:101EE000092009F0A5FC012009F0B8FD0121162008
:101EF00009F09EFC0121092009F09AFC012009F05B
:101F0000ADFD5848584D594B594C42F20F7102786B
:101F100012F0FF0F00F09D802A7812F0010F00F000
:101F200098801A682668921B0E2A40F2928042F22C
:101F3000107009F007FE42F210700AF0C3F94D4B21
:101F40004D4A4E494E480CF087F81A200AF010FB13
:101F500000211F200AF0D0FA4A4D4B4E2946304648
:101F60000CF07AF8494C294620460CF075F83220DE
:101F700009F074FD464D294630460CF06DF82946AF
:101F800020460CF069F8434C1C21204603F0B6F9BA
:101F9000204603F0D9F9204603F0DAF93E4E1B2122
:101FA000304603F0ABFB3D4D1A21284603F0A6FB5B
:101FB0003B4C1921204603F0A1FB304603F0C4FB43
:101FC000284603F0C1FB204603F0BEFB304603F079
:101FD000C1FB284603F0BEFB204603F0BBFB0027F5
:101FE0007767304603F014FC6F67284603F010FC57
:101FF0006767204603F00CFC2A4B1A798DF80820FD
:102000009A6803921A7B8DF81020274A01925A7B16
:102010008DF811201B690593244C254B01AA5021F2
:10202000204600F0BDFD01A801F086F8204600F032
:10203000D7FD204600F034FE94F8483083B9104CA8
:102040001C4920460CF008F81B4920460CF004F807
:10205000FEE71A680092009A8A427FF658AF66E758
:1020600007B0F0BDCC290020E4290020D4270020AF
:10207000D42A0020FC5F0100086001001460010008
:10208000C89DFF1F40600100A89DFF1FB89DFF1F56
:10209000446001004020002050C6FF1F58C7FF1FAA
:1020A000D8C6FF1F602200209868010048A8FF1FC3
:1020B0006860010070600100086601002DE9F84FBA
:1020C0004FF400520421B8480DF018FBB74B03F150
:1020D0007801002203F8062F9942FBD1102009F065
:1020E000CBFB60B1B249B3480BF0B6FF10242046D9
:1020F00009F0C2FB0028FAD1322009F0AFFCAE494A
:10210000AC480BF0A9FFAD4804230F2200F26C414C
:1021100000F58C6005F0E8F880B3A84C04F23C4070
:1021200003F0C6FF0121204604F03CFF20B9002146
:10213000204604F037FF08B3A048014600F23C40B7
:1021400003F06EFDD0B19D4B93F83C3413F0700F4B
:1021500014D09B4C9B4B1C609B4996480BF07CFF1A
:102160000021204603F068FE0024DFF854A2DFF8C7
:10217000B49209F10806DFF874820CE08D4C0F224E
:10218000924920460BF068FF914A21468B4803F0A4
:10219000A5FCFEE72C4601225146304603F0F6FE30
:1021A000B8B399F8083013F0080F03D1304603F0A4
:1021B0007FFFF0E7651CEDB24FEA851B08EB0B07CC
:1021C00020223946304604F029F938460DF078FFD0
:1021D00004385BFA80F07F4940440DF009FD18B1E6
:1021E000304603F065FFD6E7724C3B462A467A49F3
:1021F00020460BF031FF2146304604F093FD77492D
:1022000020460BF029FF304603F052FF622DC1D962
:102210002C4624B9724967480BF01EFFFEE7714E49
:10222000644DDFF804920BF04FFB10B10BF000FB94
:10223000F9E7314628460BF00FFF00270BF044FB6F
:102240000028FBD00BF0F4FAC0B20246A0F1300334
:10225000092B0BD813F0FF0001D1002FEED007EBB4
:10226000870800EB480000F0FF07E7E70A2824D1C1
:10227000EFB1BC421BD33A465B494E480BF0ECFE33
:102280005A4B03EB8718012342464E4909685848C8
:1022900003F016FF28B14246564946480BF0DCFED3
:1022A00010E04246544943480BF0D6FE0AE03A4655
:1022B000524928460BF0D0FEB5E7494628460BF0B8
:1022C000CBFEB0E73B4E4E4930460BF0C5FE012039
:1022D000FEF706FA4B4D2846FFF784FD04464448B6
:1022E00003F0E6FE0020FEF7FBF9034622464649CE
:1022F00030460BF0B1FE002441F20603434AD452AB
:10230000434930460BF0A8FE0120FEF7E9F9DFF85B
:1023100098803E4F07F58056063629463D48FEF721
:1023200029FA0546002800F0A0803A4B1B78042BC0
:1023300002D188F8003098E03288013232800D2BCB
:10234000EBD00A2BE9D0DFF8CC904946384602F0B2
:1023500029FB014648460DF051FE99F80030232B29
:10236000DBD0232148460DF067FC40B12A493846AE
:1023700002F02CFC294A138801331380CDE725484D
:10238000FEF728FA8146002850D0FE2804D12449BF
:10239000384602F01BFCC0E71E494046FEF70CFA27
:1023A00080464C46B9E700BFA0FCFF1FCC210020AF
:1023B0009C600100C89DFF1FAC600100DCA8FF1FEE
:1023C00018ADFF1FE8260020BC600100F46001008A
:1023D000086601002861010030610100AC61010064
:1023E0004061010088610100986101004CADFF1F50
:1023F0007CFCFF1FA0610100B0610100CC61010005
:10240000F8610100A8DBFF1F04620100D8C7FF1FAD
:1024100024620100BC20002034620100382000202A
:102420007C5B010074FCFF1FE0610100DF2C03D125
:10243000A148FEF7FFFA70E7AF2C03D19E48FEF7E4
:102440007DFD6AE7BF2C03D19B48FEF74BFE64E796
:10245000CF2C03D19848FEF719FF5EE7EF2C7FF4ED
:102460005CAF9548FFF718F857E7944B1B783BB9DA
:10247000934994480BF0F0FD934A1388013313807D
:10248000924B1A884FF6FF739A4207D190498D48B4
:102490000BF0E2FD8C4A1388013313808D4B1B68CF
:1024A0003BB98D4987480BF0D7FD874A1388013324
:1024B0001380FFF7E5F80020FEF712F9824B1B8826
:1024C00013B3804C854920460BF0C6FD844D294648
:1024D00020460BF0C1FD834B1B887B4A1288824942
:1024E00020460BF0B9FD814920460BF0B5FD80492F
:1024F00020460BF0B1FD294620460BF0ADFD7D498D
:1025000020460BF0A9FDFEE7764C22887A496D48FB
:102510000BF0A2FD2388CBB16B4B1B88002B40F046
:10252000C3800BF0D1F910B10BF082F9F9E7002369
:10253000724A7349734802F0A9FB38B9694B1A888B
:10254000614B1A8070495F480BF086FD5E4B1B881B
:10255000002B40F0A9806D48FFF7A2F90020FFF79B
:102560005FFA20B96A4957480BF076FDFEE76949E2
:1025700054480BF071FD0020FFF7C0FA00216648B7
:1025800002F064F840B965494E480BF065FD002142
:102590005C4802F03BFCFEE70120FFF741FA20B95E
:1025A0005F4948480BF058FDFEE70120FFF7A6FA07
:1025B0000121594802F04AF820B95A4941480BF024
:1025C0004BFDFEE7514C21460020FFF74DFA214616
:1025D0000120FFF749FA2046FEF7B6F80446014607
:1025E0000020FFF7B5FAA8B10BF06EF910B10BF0AF
:1025F0001FF9F9E701234C4A4149424802F046FBE2
:1026000018B100213F4802F001FC48492D480BF069
:1026100023FDFEE7224646492A480BF01DFD3B48B4
:10262000FEF792F8054601460120FFF791FAB0B196
:102630000BF04AF910B10BF0FBF8F9E701233D4A22
:102640002F49304802F022FB20B14FF47A712D4817
:1026500002F0DCFB38491B480BF0FEFCFEE7194C8E
:102660002A46364920460BF0F7FCFFF795FAFFF7AC
:1026700001FBFFF75DFB324920460BF0EDFC0BF050
:1026800023F910B10BF0D4F8F9E701232D4A1C49C6
:102690001C4802F0FBFA18B100211A4802F0B6FB00
:1026A000294908480BF0D8FC0BF00EF900284DD052
:1026B0000BF0BEF8F8E700BFBC200020D0C6FF1F1B
:1026C00048620100C89DFF1F38200020D08DFF1FE9
:1026D0006862010044A8FF1F88620100AC6201002B
:1026E000E0620100B8200020E46201000463010000
:1026F000246301004C63010080630100A0630100BA
:10270000DC5E0100A8FBFF1FCC630100A0FCFF1FE3
:10271000DC630100E0580100D8C7FF1F3C640100E2
:1027200088640100E8640100306501006065010013
:1027300098650100B0650100EC6501002C660100A0
:1027400044660100446501006C6601000123274ACC
:102750002749284802F09AFA20B14FF480412548D1
:1027600002F054FB0BF0B0F810B10BF061F8F9E790
:102770000023214A1E491F4802F088FAC0B11F4CAD
:102780001F4920460BF068FC0120FDF7A9FF4FF41C
:1027900080431A460421174802F042FA0020FDF750
:1027A0009FFF03464FF48042164920460BF054FC2D
:1027B0000BF08AF810B10BF03BF8F9E70123124A4D
:1027C0000B490C4802F062FA58B100210F4805F09D
:1027D00085F810B9FDF7DAFE03E00D4907480BF064
:1027E0003BFC0C4905480BF037FCFEE7786601001E
:1027F000DC5E0100A8FBFF1F90660100C89DFF1F63
:10280000AC660100D0660100F4660100EC1F0020F8
:102810000467010028670100F0B58DB0B84C204670
:1028200000F094F9B74AB84920460CF031FB002675
:10283000B64C04F8346BB64D95E80F0084E80F00F1
:10284000B44C41F20403E65241F20603E65205F1AC
:1028500010069C273A46314604F58050083008F0AF
:1028600057FE3A46314604F58550043008F050FED4
:1028700005F1AC0604F58A54CC35274630687168FA
:10288000B268F3680FC710363C46AE42F5D13068E7
:102890003860A04C41F264155022002160190CF000
:1028A0002DFF0323635541F265116218984E33469C
:1028B00053F8D00F60509B8893800025D58022224A
:1028C00041F26E13E25245F2604241F27013E2505F
:1028D0004FF6205241F27413E25040F6555241F245
:1028E0007813E25240F6B86241F27A13E25241F2B2
:1028F0001C0241F27C13E252012241F2AF13E25476
:10290000F82241F2B013E25404F58D5714374FF416
:10291000FC72294638460CF0F1FE06F1D8030FCBC5
:1029200087E80F003D7441F2C512A1187A4B186870
:10293000A0509B888B80022241F2CB13E254FF23EC
:1029400041F2E312A35441F2FB12A35441F21322C9
:10295000A35441F22B22A35441F24322A35441F247
:102960005B22A35441F27322A35441F28B22A3545D
:1029700041F2A322A35441F2BB22A35441F2D32239
:10298000A35441F2EB22A35441F20332A35441F287
:102990001B32A35441F23332A35441F24B32A354BD
:1029A00041F26332A35441F27B32A35441F2933299
:1029B000A35441F2AB32A354584C271D06F1EC0E40
:1029C000BEE80F000FC79EE8030087E8030004F18C
:1029D0001C03D6F80401D6F80811D6F80C2107C359
:1029E00096F810211A704E4B1A680192019A2265CE
:1029F0000A2262651A680292029AA2654FF4FA727C
:102A0000E2651A680392039A22664FF47A7262664C
:102A1000196804910499A16641F28831E166196848
:102A20000591059921670521616719680691069945
:102A3000A167E267196807910799C4F88010C4F884
:102A400084201A680892089AC4F888203222C4F8B0
:102A50008C20196809910999C4F89010C4F8942041
:102A60001A680A920A9AC4F8982047F23052C4F8B9
:102A70009C201B680B930B9BC4F8A030C4F8A420C7
:102A8000284E304602F06CFC1E4C22462649304649
:102A90000CF0FEF9254F07F1080002F061FC244E0E
:102AA0002246314638460CF0F3F9224F07F1080070
:102AB00002F056FC2246314638460CF0E9F91E4F2A
:102AC00007F1080002F04CFC2246314638460CF073
:102AD000DFF91A4BDD7183F83C5483F83D5483F8D9
:102AE0006454192283F8662483F86954144A1A60DE
:102AF000144B1D725D721D71134A1A600DB0F0BD4A
:102B000048A8FF1FFC87FF1F912B0000EC1F00202F
:102B100030570100D8C7FF1F50670100A8FBFF1FF7
:102B2000D4270020402000208504000050C6FF1F4D
:102B30007504000058C7FF1FD8C6FF1FDCA8FF1F81
:102B40002057010074FCFF1F0857010030B40C4AE5
:102B500042600C4A117901730B49816091680161EF
:102B6000117B017509498160517B41751269826150
:102B70005022027000240025C0E91E4530BC704779
:102B800088680100602200206C68010098680100DC
:102B900010B50446083000F0CFFA204610BD00BF43
:102BA00010B5A1F15004E4B2072C07D9024648320F
:102BB0000C210A4800F020FAFF2010BD01701179A5
:102BC000017391680161117B0175517B4175126937
:102BD0008261C0F888304360002010BDD8A8FF1F74
:102BE00030B587B08569447D204600F0D3FA0123D3
:102BF0000493064B03930022029201900092134625
:102C00002146284600F084FC07B030BDA0860100B4
:102C100011F4004F08D008B5024648320C21044890
:102C200000F0EAF9FE2008BD49BA81830020704710
:102C3000D8A8FF1F808B40BA80B27047838B5BBAE5
:102C40009BB20133C3F30E035BBA8383704700BFAB
:102C5000838B5BBA826B12FA83F3C3F30E035BBA06
:102C60008383704790F84830ABB130B583B00446E9
:102C700000F108050178284600F0B6FD627DA169E3
:102C8000002300930123284601F090F8002814BF88
:102C9000FF20002001E0FD20704703B030BD00BFE1
:102CA00010B50446012380F84830FFF7DBFF20B160
:102CB000002384F84830FF2010BD002010BD00BF65
:102CC00070B582B090F84830002B38D0044600F13F
:102CD0000805064616F81C1B284600F085FD022252
:102CE0003146284600F0FCF9E063A17F284600F059
:102CF000E3F9E36B1844E063032807D004F14802CA
:102D00000B21114800F078F9FF2519E0627D0023BE
:102D100000930123A169284601F048F8054638B11F
:102D200004F148020146084800F066F9FF2507E073
:102D300004F148020021044800F05EF900E0FD259E
:102D4000284602B070BD00BFD8A8FF1F70B582B082
:102D500090F84830002B3ED0044600F108050646A6
:102D600016F81C1B284600F03FFD0222314628467B
:102D700000F0B6F9E063A26B216B284600F0B0F9D1
:102D8000E36B1844E063A36B0233984207D204F16B
:102D900048020B21124800F02FF9FF251CE0627D4C
:102DA000002300930123A169284600F0FFFF054698
:102DB00038B104F148020146094800F01DF9FF2529
:102DC0000AE02046FFF744FF04F1480200210448CE
:102DD00000F012F900E0FD25284602B070BD00BFEA
:102DE000D8A8FF1F08B590F848303BB100F1200388
:102DF000036302238363FFF7A9FF08BDFD2008BD1D
:102E000008B590F848303BB100F124030363042374
:102E10008363FFF79BFF08BDFD2008BD90F8483095
:102E200043B310B582B004460278417D002301937C
:102E300001230093806900F0CDFF2064012809D0B0
:102E4000A36993F8511204F148020C4800F0D4F839
:102E5000FF2011E0A06901F005F884F82800204661
:102E6000FFF7ECFE04F148020021044800F0C4F82A
:102E7000002001E0FD20704702B010BDD8A8FF1F60
:102E800090F848307BB370B582B0044600F1080674
:102E9000054615F81C1B304600F0A6FC0222294608
:102EA000304600F01DF9E063022807D004F1480223
:102EB0000B210F4800F0A0F8FF2016E0627D0023F0
:102EC00000930123A169304600F070FF014630B144
:102ED00004F14802064800F08FF8FF2005E0204684
:102EE000FFF79CFF01E0FD20704702B070BD00BFFE
:102EF000D8A8FF1FF0B583B090F84830002B58D009
:102F00000446476B00F10806054615F81C1B3046C1
:102F100000F06AFC02222946304600F0E1F8E06346
:102F2000022807D004F148020B21244800F064F87D
:102F3000FF253FE0627D00230093A169304600F049
:102F400035FF054638B104F1480201461B4800F040
:102F500053F8FF252EE02278617D002301930123A1
:102F60000093A36BA06900F035FF2064A36B83423C
:102F700002D1A3B13E4609E0A36993F8511204F1CE
:102F800048020E4800F038F8FF2513E0A06900F071
:102F900069FF06F8010BF21BA36B9A42F6D3204699
:102FA000FFF756FE04F148020021044800F024F81F
:102FB00000E0FD25284603B0F0BD00BFD8A8FF1FE4
:102FC00008B590F848303BB100F12A03436302236F
:102FD0008363FFF78FFF08BDFD2008BD08B590F89B
:102FE00048303BB100F12C03436304238363FFF7B4
:102FF00081FF08BDFD2008BD0B4600294ED0D2E957
:103000000C01B1F1FF3F08BFB0F1FF3F04D0013028
:1030100041F10001C2E90C0153700C2B3AD8DFE8F2
:1030200003F007151D21191D2125292D2D313500EE
:10303000D2E90E01B1F1FF3F08BFB0F1FF3F30D040
:10304000013041F10001C2E90E017047936801337C
:1030500093607047D3680133D360704713690133BD
:1030600013617047536901335361704793690133AA
:1030700093617047D3690133D3617047136A013399
:10308000136270475368013353607047D36A01334A
:10309000D3627047536A0133536270470023537001
:1030A000C6E770470369D3F83801D3F83431C01A42
:1030B000704700BF704700BF0369D3F84422B2F5E0
:1030C000817F09D8D3F84422501CC3F8440213442A
:1030D00083F83C11012070470123037100207047E1
:1030E00030B40469D4F84432B3F5817F1FD8D4F8E2
:1030F0004452C5F58175013504F59E73D4F84442F8
:10310000954202D2012202712A4642B1013C234477
:103110008D1811F8014B03F8014FA942F9D101694B
:10312000D1F844321344C1F84432104602E001237E
:103130000371002030BC704738B50446094B03606A
:10314000036993F84822022A09D1D3F8645235B1B1
:1031500028460AF049FD082128460BF01BF82046B6
:1031600038BD00BF9868010010B4002202714FF40E
:103170007A7484600273054A026041734FF41C74D0
:10318000034A04FB0121016110BC704798680100EB
:10319000A097FF1F01280CBF02200120704700BF2D
:1031A000C3681B7813F0200F40F0B58070B504465B
:1031B0000D46836880211970C3681221197090F838
:1031C0004932012B0BD022B9002380F8483201206C
:1031D00070BD531EDBB2012B00F29F8000E0012284
:1031E00025B94FF080714E4B196005E0012D03D1D8
:1031F0004FF000714A4B1960022A40F08880D4F8E1
:1032000064624EB908200AF0C1FF064600210AF0A8
:103210008DFCC4F8646286B13379102B0DD1304631
:103220000AF0E2FC082130460AF0B4FF0023C4F89B
:103230006432012084F8480270BD75BB3268938BFC
:103240009BB243F008039383D4F8642213791033BC
:103250003448354941F82300127953119B0003F19A
:10326000604303F5614302F01F02012101FA02F2FB
:103270001A60D4F864321A68938B9BB243F002034D
:103280009383D4F864321B7903F1804303F504334C
:1032900000221A7096221A7031E0012D2FD1D4F835
:1032A00064321A68938B9BB243F008039383D4F87B
:1032B0006422137910331D481B4941F82300127909
:1032C00053119B0003F1604303F5614302F01F02B9
:1032D000012101FA02F21A60D4F864321A68938B61
:1032E0009BB243F002039383D4F864321B7903F159
:1032F000804303F5043300221A7097221A700023CA
:1033000084F85A32022384F84832012070BD01202B
:1033100084F8480270BD00207047012070BD00BFD6
:1033200000E100E0594400000082FF1F69440000F2
:1033300070B4244CA4FB0135AD092B02A4FB02257B
:10334000AD09B3FBF5F5B5F5A05F1FDB1E4A012300
:1033500052F8044FB5EB042F03DB0133372BF7D1C1
:1033600000E0A3B15C1E184E56F82420A5EB022203
:10337000002AB8BF524256F82360A5EB0625002D5F
:10338000B8BF6D42AA42D8BF234600E0002342687E
:103390000E4CE45C14700C4A52F82330B1FBF3F38A
:1033A000C0F84C320A4B994203D9836904221A703F
:1033B00006E08369074AA2FB0121C1F30751197096
:1033C00070BC7047D34D6210B46801009069010071
:1033D000FF6BDC02819F5E162DE9F0479DF820E02F
:1033E000BEF1000F72D0C468247814F0200F64D1AD
:1033F0006CE0012A64D81C46154689468046BEF119
:10340000000F32D090F84B32002B0CBF4FF0000A67
:103410004FF0020A90F84A32032B26D8DFE803F077
:10342000020B141D5146112008F034FA51461020A9
:1034300008F030FA19E05146122008F02BFA5146F4
:10344000132008F027FA10E051461E2008F022FA57
:1034500051461D2008F01EFA07E051461F2008F0D3
:1034600019FA51461A2008F015FAB9F1000F0DD1DA
:1034700015B1012D05D009E0214B1E60043B1E60F3
:1034800014E0204B1E60043B1E600FE0B9F1010FF9
:103490000CD1022D06D0032D08D11B4B1F60043325
:1034A0001F6003E0194B1E60043B1E6088F84A52FF
:1034B00088F84B420120BDE8F0870020BDE8F08786
:1034C0000020BDE8F0870020BDE8F087002B40F227
:1034D000032608BF4FF4197640F2036440F2646794
:1034E000002B18BF2746002983D0012902D00020D5
:1034F000BDE8F087941E012C7FF67DAFE3E700BFA7
:1035000004A004400CA0044000D004402CB00440AF
:1035100070B582B004469DF818600D4629B9304850
:10352000016841F04001016006E0012904D12C4806
:10353000016841F08001016084F84922002184F88B
:1035400051123AB9636920221A7022681170E26937
:10355000117011E06269002E3AD130E05B00DBB2FD
:103560001370E2697300DBB205E07600F6B2167004
:10357000E2695B00DBB21370002300939DF82030FA
:103580009DF81C2029462046FFF726FF099A154979
:103590002046FFF7CDFE9DF8282029462046FFF75C
:1035A000FFFD94F849321BB9A36880221A7002E02B
:1035B000A368C0221A700023C4F86C320EE02021E8
:1035C000117022685B00DBB21370E2690023D2E75E
:1035D0002821117022689E42C0D8C6E702B070BD93
:1035E00034800440006CDC022DE9F04F83B090F889
:1035F0004A32032B62D8DFE803F0400244064FF062
:103600001208132540E04FF01F081A253CE0404601
:1036100008F032F990B9013C14F0FF040ED0514685
:10362000284608F005F93346013BFDD149462846B6
:1036300008F0FEF83346013BFDD1E8E797F84B323E
:1036400097F84A220021009159463846FFF7C4FEF8
:10365000FB681B7813F07F0F0BD0BB6800221A7039
:1036600050231A46013AFDD1BA6880211170013BFE
:10367000FDD1002387F8513220E04FF011081025CA
:1036800002E04FF01E081D258B46074690F84B328E
:10369000002B0CBF00210221404608F0FBF801215D
:1036A000284608F0C5F80121284608F0F3F80B2455
:1036B0004FF0000A50264FF00109A8E703B0BDE81B
:1036C000F08F00BF2DE9F04104460E4615461F4617
:1036D00008F0A0F90DB9D4F8685208F09BF98046BB
:1036E000A3681A7812F0200F02D0B4221A7039E0C1
:1036F0002DB108F08FF9C8EB000085420AD9E368C4
:103700001B7813F0200FF3D1002384F84932A3680B
:10371000B0221A70A3681B7813F0200F16D131461F
:103720002046FFF761FFD4F86C32B3F1FF3F1CBFB6
:103730000133C4F86C32E3681B7813F0200F05D115
:10374000002384F84932A368B0221A70A3681B785A
:1037500003F0200303F0FF0023B9042384F851325F
:10376000BDE8F08194F84832013BDBB2012B31D83F
:1037700007F0B8FF16B1012E03D005E0184B1B78F7
:1037800004E0184B1B7801E0154B1B78834224DBC7
:103790000F2803DC01203870BDE8F08116B1012E3E
:1037A00008D00FE0A0F11003DBB20D4A1370012026
:1037B000BDE8F081A0F11003DBB20A4A13700120CA
:1037C000BDE8F081A0F11003DBB2054A13700120BF
:1037D000BDE8F0810120BDE8F0810120BDE8F08165
:1037E00018E400E019E400E00369490083F83C11A3
:1037F00003690122C3F8442200230371026982F89D
:10380000513270472DE9F04383B01E4600238DF8F6
:103810000730D0F84432002B00F0B880044615463B
:103820000EB9D0F86862E36812221A700DF107032E
:1038300032462046FFF746FF002800F0A78094F8A4
:1038400048321BB19DF80720002A53D008F0E2F857
:103850008146012384F8513284F8505204F23B1718
:1038600000254FF00208D4F844329D4231D22EB1E7
:1038700008F0D0F8C9EB000086422AD9236917F86E
:10388000012F1A70E268137813F0020FFBD082F850
:103890000080E2681378DBB213F0100F08D0072322
:1038A00084F8513210231370A36880221A706DE0DF
:1038B00013F0010F0BD01DB9052384F8513202E03B
:1038C000062384F85132A36880221A705EE0013525
:1038D000C9E7D4F844329D4234BF0423002384F85E
:1038E000513294F85032012BA3680CBF8022B022D1
:1038F0001A704BE05A1ED2B2012A47D8012284F82E
:10390000512284F850520022C4F84022022B0DD1DB
:10391000D4F84432042B11D808E01A68926812B91E
:103920001A68012191601B6800229A61A368F02245
:103930001A70236994F83C211A7027E0012084F85A
:103940005A02D4F8642204F59F71D4F84432033B40
:10395000156829601168888015680021E97115686B
:10396000A86010685D42C56010689BB2C38312688E
:10397000D382D4F86432226918680261186881829F
:1039800018688171B2F1804FCAD3C6E703B0BDE8B1
:10399000F08300BF2DE9F04182B09DF82050002453
:1039A0008DF80740002B00F06B81B3F5827F03D3C5
:1039B000082380F8513263E1C0F854320023C0F884
:1039C0003431C0F83831099B13B9D0F86832099303
:1039D00016460446C36812221A700DF10703099AAD
:1039E000FFF770FE002800F04B8194F8483223B1B5
:1039F0009DF80720002A00F08F8008F00BF807469A
:103A0000022384F8513284F850522269730043F043
:103A10000103DBB21370E268137813F0020FFBD0DE
:103A200002231370E2681378DBB213F0100F08D092
:103A3000072384F8513210231370A36880221A7070
:103A40001EE113F0010F06D0052384F85132A3685C
:103A500080221A7014E1032384F85132D4F85432CE
:103A6000012BA3680CBFA822A0221A7023691B781F
:103A7000022600254FF0A808D4F83821D4F8543293
:103A80009A4280F0FD8094F85132DBB2032B40F073
:103A9000F780E268137813F0020FFBD01670099BD1
:103AA00043B107F0B7FFC01B099B83428CBF0020C6
:103AB000012000E02846D4F838310233D4F85422EB
:103AC000934274D0002800F0C38094F85932002B40
:103AD0006DD0A5E0002875D094F85932002B40F045
:103AE000BF806FE0042384F8513294F85032012BE8
:103AF00006D00DE084F8515294F85032012BBBD11E
:103B00001023013BFDD1A36880221A700028B3D096
:103B1000012384F85932ADE75A1ED2B2012A00F2CD
:103B2000AF80022284F8512284F85052934234D15B
:103B3000D4F85432042B30D9012384F85A32D4F803
:103B40006432226919680A60186800218180186847
:103B5000C171B2F1804F02D31A68926812B91A6823
:103B6000012191601B680020D860D4F8642204F120
:103B70003001D4F85432013B1568296115680121E0
:103B8000A9821568A871106881601168584288611F
:103B900011689BB2CB831268D382A368F0221A709B
:103BA0002269730043F00103DBB2137068E0A3687D
:103BB00083F80080D4F838310133D4F8542293428A
:103BC0000BD287E723691A78D4F83831591CC4F826
:103BD0003811234483F8302098E784F85952A368B9
:103BE000B0221A7023691A78D4F83831591CC4F8F5
:103BF0003811234483F8302000283FF47BAF71E76D
:103C000084F85952A368B0221A7023691A78D4F83C
:103C10003831591CC4F83811234483F8302061E747
:103C2000D4F838310133D4F854229342E8D251E722
:103C300084F85952A368B0221A7023691A78D4F80C
:103C40003831591CC4F83811234483F8302051E727
:103C5000D4F838310133D4F854229342E8D239E70A
:103C600084F85952A368B0221A7023691A78D4F8DC
:103C70003831591CC4F83811234483F8302031E717
:103C800002B0BDE8F08100BF036993F85132043BF4
:103C9000042B0CD8DFE803F009030507100002200D
:103CA0007047032070470420704704207047007954
:103CB000003018BF012070470120704790F8513242
:103CC00013F0FF0F1BD090F85132DBB2052B18D048
:103CD00090F85132DBB2062B15D090F85132DBB29E
:103CE000072B12D090F85132DBB2042B0FD090F892
:103CF0005102C0B2082814BF0020012070470120E3
:103D00007047012070470120704701207047012053
:103D1000704700BF70B50446154607F07BFE0DB92D
:103D2000D4F8685207F076FE06462046FFF7C6FF35
:103D300038B9002DF9D007F06DFE801B8542F4D80C
:103D400000E0ADB107F066FE801B854210D894F804
:103D50004832022B0CD194F85A3213F0FF0F07D0DF
:103D60002046FFF7ABFF0028FAD0042384F8513235
:103D700094F85132DBB2012B09D094F85132DBB206
:103D8000022B04D094F85132DBB2032B02D104236E
:103D900084F851324023013BFDD194F8513213F0A5
:103DA000FF0F0CBF0120002070BD00BF70B506469C
:103DB0000C4615461A46049B29462046FFF722FD6D
:103DC000049A29462046FFF7A5FF3046FFF75CFF1F
:103DD00070BD00BFA3B130B583B00D46044607994E
:103DE00001919DF8181000912946FFF7D3FD079A1D
:103DF00029462046FFF78EFF20B1D4F8380102E0B3
:103E000000207047002003B030BD00BFD0F834213F
:103E1000D0F838319A4208D2D0F834315A1CC0F860
:103E20003421184490F8300070474FF0FF3070474D
:103E300008B50069FFF7EAFF08BD00BFD0F83421DC
:103E4000D0F838319A423DBFD0F83431C01890F8DC
:103E500030004FF0FF30704708B50069FFF7EEFF04
:103E600008BD00BFD0F83421D0F838319A4208D2CA
:103E7000D0F834315A1CC0F83421184490F830007E
:103E800070470020704700BF38B5C2681578EDB2A2
:103E900081680B78DBB213F0200F00F0C18113F0C2
:103EA000100F00F0058190F85A32DBB2022B04D0DB
:103EB00090F85A32DBB2032B4CD1D0F864120B6865
:103EC0009B8B03F080039BB2002B00F0848290F860
:103ED0005A32DBB2022B40F07E8272E2137813F08A
:103EE000800FFBD00A79B54B1A70002380F85A3244
:103EF000D0F84432013BC0F840320269D0F8403279
:103F0000034493F83C31137020E0AD4B1C680A79F0
:103F100001239340234219D0AA4B1A70D0F864327F
:103F20001A79A94B1A70002380F85A3215F0100F35
:103F30000CD0072380F85132C36812221A708368AC
:103F400080221A700023C0F8403238BDC3680222B4
:103F50001A7038BD90F85132DBB2012B56D115F0F2
:103F6000100F0DD0002380F85A32072180F851122B
:103F700012211170826880211170C0F8403238BD62
:103F800015F0010F0FD0002380F85A32D0F84032DC
:103F90001BB9052380F8513202E0062380F8513224
:103FA00080230B702EE0D0F840320133C0F840324D
:103FB000D0F8442293420AD3002380F8513290F87B
:103FC0005032012B0CBF8023B0230B701AE090F805
:103FD0005A32DBB2012B0ED1022380F85A32F12380
:103FE0000B70D0F864321A79784B1A70036990F824
:103FF0003D211A7006E00269D0F84032034493F87C
:104000003C311370C36802221A7038BD90F85132E7
:10401000DBB2022B36D115F0100F08D0072380F841
:10402000513212231370836880221A7038BD15F044
:10403000010F05D0052380F8513280230B701DE05D
:1040400090F85A32DBB2012B0CD1022380F85A329D
:10405000E1230B70D0F864321A795C4B1A70036953
:104060001B780BE0032380F85132D0F85432012B37
:104070000CBFE823E0230B7003691B78C36802229E
:104080001A7038BD90F85132DBB2042B0AD190F887
:104090005032012B0CBF8023B0230B70C368022267
:1040A0001A7038BD80230B70C36802221A7038BDA5
:1040B00090F85A32DBB2022B04D090F85A32DBB2BD
:1040C000032B55D1D0F8642213689B8B03F0800337
:1040D0009BB2002B00F0908190F85A32DBB2022B99
:1040E00040F08A817EE11279344B1A70002380F807
:1040F0005A3290F85132DBB2042B1CBF002380F8F7
:1041000051328368B0221A70D0F85432013BC0F8A3
:104110003831D0F838315A1CC0F838210269127889
:10412000034483F8302090F85032012B1CD1102327
:10413000013BFDD1836880221A7015E0204B19687D
:104140001279012393400B420ED01F4B1A70D0F806
:1041500064321A791B4B1A70002380F85A3280F8A7
:104160005132836880221A70C36802221A7038BDE7
:10417000D0F838310233D0F85422934200F0438112
:1041800090F85132DBB2042B04D190F85932002B55
:1041900000F03981D0F838310133D0F854229342FD
:1041A00080F03F8190F85132DBB2042B40F02E8139
:1041B00090F85932002B40F0348127E11C800040F8
:1041C0002C8000401F8000401E8000401B8000406B
:1041D000002380F851328368B0221A70D0F8383149
:1041E0005A1CC0F8382102691278034483F8302041
:1041F00090F85032012B05D11023013BFDD183688B
:1042000080221A7090F85132DBB2042B04D190F85E
:104210005932002B00F00F81C36802221A7038BD9A
:10422000044615F0100F08D01023137015F0400F3E
:1042300006D1C36802221A7038BD15F0400F60D055
:1042400094F85132DBB20A2B04D1D4F85C32002B43
:1042500040F0F58015F0040F1ED0092384F8513288
:104260000023C4F84432A368D0221A7023691B7853
:104270005B0884F85232D4F8603203B19847D4F81E
:1042800044320BB984F83C31236994F83C211A700C
:104290000123C4F8403230E0002384F8583294F807
:1042A0004A32012B05D103226849122007F032FB64
:1042B00015E02BB903226549112007F02BFB0EE016
:1042C000022B05D1032262491E2007F023FB06E0E2
:1042D000032B04D103225E491F2007F01BFB0A2396
:1042E00084F851320023C4F83831A368C0221A7010
:1042F00023691B785B0884F85232E36802221A7043
:1043000038BD13F0100F20D015F0010F15D1D0F8E3
:104310004022D0F844329A4208D2D0F840325A1C97
:10432000C0F84022034493F83C2100E000222369B6
:104330001A70A368D0221A703FE0C0230B70036983
:104340001B78002380F8513237E090F85132DBB20D
:104350000A2B32D1002380F8583290F84A32012BD0
:1043600005D103223949122007F0D4FA15E02BB900
:1043700003223649112007F0CDFA0EE0022B05D1B9
:10438000032233491E2007F0C5FA06E0032B04D1AF
:1043900003222F491F2007F0BDFA23691B78DBB2E7
:1043A000D4F83821B2F5817F07D8D4F83821511CD0
:1043B000C4F83811224482F83030E36802221A70BF
:1043C00038BD0A79234B1A708368F0221A700323D0
:1043D00080F85A32BAE590F85A32DBB2032B7FF4F8
:1043E00094AD7BE512791B4B1A708368E8221A7032
:1043F000032380F85A32B7E690F85A32DBB2032B27
:104400007FF49CAE6FE6E8230B70C3E6D0F838313A
:104410005A1CC0F8382102691278034483F830200E
:10442000F0E6002380F8593290F85132DBB2042BC9
:104430007FF4CEAECFE6012380F85932ECE60022BD
:10444000C4F83421D4F83801984703E71D4500002B
:104450002D4500001F80004008B500210148FFF7EE
:1044600013FD08BDA097FF1F08B501210148FFF704
:104470000BFD08BD109AFF1F10B50446C3681B78DA
:1044800013F0200F24D1002380F8513290F84A32E3
:10449000012B03D1122007F071F90FE01BB9112095
:1044A00007F06CF90AE0022B03D11E2007F066F931
:1044B00004E0032B02D11F2007F060F9D4F85C322E
:1044C00053B30022C4F83421D4F83801984710BD02
:1044D00090F858320133DBB280F85832012B03D800
:1044E00090F84932012B17D094F84A32012B03D1AE
:1044F000122007F043F910BD1BB9112007F03EF957
:1045000010BD022B03D11E2007F038F910BD032B7C
:1045100002D11F2007F032F910BD00BF08B50021FD
:104520000148FFF7A9FF08BDA097FF1F08B50121AB
:104530000148FFF7A1FF08BD109AFF1F70B50B4C93
:1045400000212046FEF710FE094E0A4D324629464C
:1045500020460AF09DFC084C01212046FEF704FE8F
:104560003246294620460AF093FC70BD60220020A6
:10457000FC87FF1F393100004C22002081EA020035
:1045800008234AF2010210F0010F14BF82EA600012
:104590004008013B13F0FF03F5D170472DE9F043CC
:1045A000C1B006460D46002A14BF4FF488514FF49F
:1045B000807140F6FF7341F6FF78002A08BF9846E5
:1045C0004FF6FF732B801E4C2046FEF721FB4FF465
:1045D0008073A363C4F834D0A1460DF1FF074846A9
:1045E000FEF788FC20B99DF80020042A1DD123E0A5
:1045F000134B93F849201349134809F02DFDFF2070
:104600001AE014F8012F042A0DD029883046FFF74C
:10461000B5FF2880BC42F4D14846FEF70BFB80452D
:10462000DDD8FF2008E0002006E029883046FFF7AB
:10463000A5FF28806C46E4E741B0BDE8F08300BFE9
:1046400048A8FF1FB46A0100C89DFF1F70B5C0B025
:104650000C464FF48072002168460BF04FF82CB3E3
:104660001CE0174B4FF480729A63C3F834D01D4698
:104670000DEB02042846FEF73DFC6B4613F8012BB8
:1046800012F0FB0F08D1A342F8D12846FEF7D2FA68
:104690008642EFD8012011E000200FE04FF488514E
:1046A0000748FEF7B5FA41F6FF76DAE74FF4807176
:1046B0000348FEF7ADFA40F6FF76D2E740B070BD92
:1046C00048A8FF1FFFFFFFFF30B583B0084601A9D0
:1046D0000CF088FF019B1B784BBB00221E4B09F09E
:1046E0002BFF19A3D3E900230AF004FA04460D4670
:1046F00017A3D3E900230AF063FBD8B90022174BB4
:10470000204629460AF03EFBB8B90022144B204649
:1047100029460AF0C5F80022124B0AF0C1F80AF047
:1047200097FB20F0070040F0010080B207E04FF651
:10473000FF7004E04FF6FF7001E04FF6FF7003B02A
:1047400030BD00BFAFF30080000000C0CCCCFC3F08
:104750000000000000C062400000404000804BC0EC
:1047600000003040000020400909A1F1370080B26C
:1047700037288CBF00200120704700BF10B4087894
:10478000A0F13003092B28D909E0214608E000EB0D
:104790008000303B03EB400080B2033100E000209A
:1047A000000180B20B7863B32E2B10D14B78A3F1AC
:1047B0003002092A05D88A7862B9303B184380B2A2
:1047C0001FE04FF6FF72002B18BF104619E04FF69E
:1047D000FF7016E04FF6FF7013E0303880B24C1CCB
:1047E0004B78A3F13002092ACFD800EB800002EB0E
:1047F000400080B28C1C8B78A3F13002092AC6D904
:10480000C3E710BC704700BF10B50C463A212046E4
:104810000BF012FAA8B30346002202702078A0F130
:104820003002092A2FD8D0B26278A2F130010929CA
:1048300006D800EB800001EB400000F0FF0000E034
:104840001ABB5A78A2F13001092920D89978A1F130
:104850003003092B1DD817281DD8A2F13003DBB275
:1048600003EB8303303901EB430303F0FF033B2BDE
:1048700013D8C3EB03139B004FF4616202FB0030BB
:1048800010BD074810BD064810BD054810BD0448BE
:1048900010BD034810BD024810BD014810BD00BF47
:1048A000805101000B78A3F13002092A18D84A7808
:1048B000A2F13000092815D8303B03EB830302EB4B
:1048C0004303493BDBB2192B0ED8094A22FA03F302
:1048D00013F0010F0AD08878B0FA80F040097047D1
:1048E000002070470020704700207047002070476C
:1048F0000180000210B40878A0F13003092B45D9DB
:1049000007E000EB8000303B03EB400080B2023157
:1049100002E0002000E021460B782BB32E2B26D19D
:104920004B78A3F13002092A1AD893B28A78A2F1FF
:104930003004092C24D8C978E1B903EB830304EBD4
:1049400043039BB208E0012203EB83035B009BB2AD
:104950000132D2B2012AF7D903EB002080B21EE067
:104960005BB9000280B21AE0000280B217E04FF695
:10497000FF7014E04FF6FF7011E04FF6FF700EE08D
:104980008A78002ADFD04FF6FF7008E0303880B216
:104990004C1C4B78A3F13002092AB2D9BBE710BCFA
:1049A000704700BF89B32DE9F84308460B7893B3ED
:1049B00089460BF085FB804609EB00064C462746EE
:1049C00014F8015B28460AF0ABFA08B1002DF6D1C5
:1049D000B74206D016F8010D0AF0A2FA08B1B742A4
:1049E000F8D108F1FF38C844464504D0002373705D
:1049F0003846BDE8F8834F4509D0B7420AD10023B5
:104A000089F800303846BDE8F883002070474846F2
:104A1000BDE8F8833846BDE8F88300BF70B50D46A1
:104A20005F2602E0254600E025462878B8B10AF066
:104A300077FA90B16C1C2E7068780028F2D00AF0DA
:104A40006FFA0028F0D0651C294620460BF0D6FAF4
:104A500060780028E9D02C46F1E70135E5E770BD24
:104A60000B785B2B0CD110B50C4608460BF028FBDD
:104A7000204410F8010C5D2814BF0020012010BD57
:104A8000002070470B78642B20D14B78A3F13002C3
:104A9000092A1DD8CA78632A1CD10A79A2F13000EC
:104AA000092819D8C0B24979C1B9A3F13101C9B2F5
:104AB000032915D8313AD2B2022A13D8303BDBB2DF
:104AC000013B03EB43031844C0B27047FF2070471B
:104AD000FF207047FF207047FF207047FF2070477E
:104AE000FF207047FF20704710B50C46087830B1A2
:104AF0000EF094F9207014F8010F0028F8D110BDC1
:104B000010B50C46087830B10EF096F9207014F804
:104B1000010F0028F8D110BD0B78A3F13002D2B2FA
:104B2000092A0FD8002003E0A3F13002092A0CD88B
:104B300000EB8000303B03EB400011F8013F002BFD
:104B4000F2D170474FF0FF3070474FF0FF307047A1
:104B500070B588B0054668460BF050FACDF810D015
:104B60002E2168460BF068F828B303460130002276
:104B70001A7005902E210BF05FF80346E8B1013062
:104B800000221A7006902E210BF056F8B8B10023BF
:104B900000F8013B079004AC08AE54F8041B28460B
:104BA000FFF7BAFFB0F1FF3F0BD0FF280BDCB44298
:104BB000F3D1012008E0002006E0002004E00020FE
:104BC00002E0002000E0002008B070BD10B50446EF
:104BD00041F20603C35A0A460449054809F03CFA63
:104BE00041F20402A35A0133A35210BDB86B010075
:104BF000C89DFF1F084B0022DA7183F83C2483F81C
:104C00003D2483F86424192183F8661483F8692409
:104C1000024A1A60704700BF74220020205701002A
:104C2000581E1044B0F5004F29D870B5C0B01C46CE
:104C300015464FF4807268460AF060FD124E294610
:104C40003046FDF7E5FF4FF48073B363C6F830D00C
:104C50009C420AD91D4600E015463046FEF776F81C
:104C600005F580729442F7D800E00025AC4208D0E8
:104C70000548641B8463FEF769F8002002E0FF200A
:104C80007047002040B070BD48A8FF1FF8B50F4620
:104C900016461D462A4C23685B6807222949204690
:104CA000984738460BF00CFA23685B680246394691
:104CB0002046984723685B6802222349204698478C
:104CC00030460BF0FDF923685B680246314620460A
:104CD000984735B1204623685B6809221B499847ED
:104CE00005E0174803685B6809221949984708F0EE
:104CF000EBFD0028FBD008F09BFDC0B20D2801D1D0
:104D000095B903E000F0DF004E280BD10C4C23686E
:104D10005B6802220F4920469847204609F084F933
:104D20000020F8BD5928E2D1054C23685B680322B6
:104D3000094920469847204609F076F90120F8BD38
:104D4000C89DFF1F686D0100706D0100746D01004A
:104D5000806D0100006C0100046C01002DE9F84F2A
:104D60008A4602F1080902F5847B234C234FA9F1FE
:104D7000080652462249204609F06EF94D4616F8BB
:104D8000012B3946204609F067F9AE42F7D1236876
:104D90005B6804221B492046984709F1080615F86C
:104DA000012B3946204609F057F9B542F7D123685F
:104DB0005B680322144920469847A9F1090509F1C7
:104DC00007064FF02E0815F8011FA1F12003DBB2F2
:104DD0005E2B23681B6888BF414620469847B54232
:104DE000F1D10AF1100ACAF30E0A09F11009D945E6
:104DF000BDD1BDE8F88F00BFC89DFF1F986D0100B1
:104E00008C6D0100A06D0100A86D01002DE9F0413D
:104E1000C0B007460C46174BC3F834D04FF480722D
:104E20009A631E46DFF85C80134D21463046FDF73D
:104E3000EFFE3046FEF75EF86A4621463846FFF739
:104E40008DFF2B685B68002241462846984728461C
:104E500009F0EAF80123094A09493846FFF716FF25
:104E600020B104F58074C4F30E04DEE740B0BDE861
:104E7000F08100BF48A8FF1FC89DFF1FAC6D010057
:104E8000DC5E01000875010011F0030F15D10D4B18
:104E9000A3FB01235B09642202FB13139BB273B9CA
:104EA000084BA3FB0123DB094FF4C87000FB131070
:104EB00080B2B0FA80F040097047002070470120AE
:104EC000704700BF1F85EB51022A0ED110B51C465A
:104ED000FFF7DAFF20B11D2C8CBF0020012010BD90
:104EE0001C2C8CBF0020012010BD0244127F9A426E
:104EF00034BF00200120704770B586B005460B4BCB
:104F00001E695C7B2046FEF745F901230493084B9C
:104F100003930022029201900092134621463046EC
:104F2000FEF7F6FA284606B070BD00BF60220020EA
:104F3000A0860100054BA3FB0023DB0803EB8302E3
:104F4000A0EB420000EB0310C0B27047CDCCCCCC3C
:104F500008B50248FFF7D0FF08BD00BFE4260020D7
:104F600030B583B00546304C68212046FEF73CFC46
:104F700000212046FEF7A0F880212046FEF79CF88D
:104F80006878FFF7D7FF01462046FEF795F8A87826
:104F9000FFF7D0FF01462046FEF78EF8E878FFF7CE
:104FA000C9FF01462046FEF787F82879FFF7C2FFC0
:104FB00001462046FEF780F86879FFF7BBFF0146FF
:104FC0002046FEF779F8A8791E38C0B2FFF7B2FF85
:104FD00001462046FEF770F8627B00230093012310
:104FE00021692046FEF7E2FED0B968212046FEF78F
:104FF000FBFB00212046FEF75FF82878FFF79AFFB9
:1050000001462046FEF758F8627B002300930123F7
:1050100021692046FEF7CAFEB0FA80F0400900E0A0
:10502000002003B030BD00BF6022002000B583B077
:10503000694600F007F86846FFF792FF03B05DF895
:1050400004FB00BF2DE9F047674AA2FB00435B0960
:10505000C3EB0314A0EB84040C70A2FB03425209BF
:10506000C2EB0212A3EB82024A70604AA2FB00323A
:10507000D20A5F4CA4FB0234240904EB4404A2EBE3
:10508000C4028A705B4BA3FB0030000C021D5A4C1B
:10509000A2FB0445531B05EB53039B08C3EBC3035F
:1050A000D31A0133CB700022134640F26D1CDFF897
:1050B0004CE14FF064084FF4B77A4FF4C879D7B297
:1050C00007F2B27414F0030F14D18EFB0465E617D7
:1050D000C6EB651508FB154575B98EFB0465E6172B
:1050E000C6EBE51509FB1545002D14BF65464FF4C9
:1050F000B77502E0654600E055462B440132984200
:10510000DDD28F71002C1DDD14F0030F1DD13B4A41
:1051100082FB0425E217C2EB6512642505FB1242EF
:10512000B2B9364A82FB0425E217C2EBE5124FF40E
:10513000C87505FB1242002A40F26D1208BF4FF4F9
:10514000B77207E040F26D1204E040F26D1201E028
:105150004FF4B7729B1AC31A284A82FB0402E01765
:10516000C0EB621E642505FB1E4EC0EBE2174FF438
:10517000C87202FB174701220025214E4FF01C0C7C
:1051800004F003094FF01D0802E001350132D2B2EC
:105190005FFA85FABAF1010F0CD1002C1BDDB9F1D1
:1051A000000F1AD1BEF1000F19D1002F14BF1C201F
:1051B0001D2015E0E8B2305C984203D81B1A0B2A78
:1051C000E3D900E0524601324A7101330B71BDE868
:1051D000F0871B1AD9E7604602E0604600E04046CF
:1051E0009842F6D95246EEE789888888C5B3A291DD
:1051F000ABAAAAAA07452EC2254992241F85EB51C6
:10520000CC6F01002DE9F0418679384A02FB06F2A5
:105210001EB94579012D27DC55E006F2B27740F240
:10522000B273DFF8CCE04FF0640C4FF4C878002B79
:1052300016DD13F0030F13D18EFB0354DD17C5EBFE
:1052400064140CFB14343CB98EFB0345DC17C4EB2F
:10525000E51408FB143119B902F5A83202F5C07241
:1052600001339F42E3D1D4E706F2B276204B83FBB1
:10527000063EF317C3EB6E1C642101FB1C6CC3EBF1
:10528000EE1E4FF4C87303FB1E6E1A4901231A4F1A
:1052900006F00308022B0FD1002E0DDDB8F1000F30
:1052A0000AD1BCF1000F02D1BEF1000F04D102F50A
:1052B000181202F56E5202E00C7807FB042201334B
:1052C0000131AB42E6D181784378C3EB03139B00F5
:1052D0004FF4616404FB013301780B440179013917
:1052E000054800FB01301044BDE8F0818033E10146
:1052F0001F85EB51CC6F01008051010010B586B0C5
:1053000004460E4B1A798DF808209A6803921A7B8E
:105310008DF810200A4A01925A7B8DF811201B69E2
:105320000593084B01AA00F03FF801A8FDF704FF20
:1053300004F12003E36606B010BD00BF6022002028
:10534000986801006860010008B500F04DF808BDDC
:1053500008B500230322FF2100F006F908BD00BFB5
:10536000002242708270F022C270FF22027103227A
:105370004271094A8260094A117901740849C16081
:1053800091684161117B01760649C160517B41768C
:105390001269C261704700BF886801006022002066
:1053A0006C6801009868010010B5A1F11804E4B21E
:1053B000072C07D9024620320C210A48FDF71CFEB3
:1053C000FF2010BD01701179017491684161117B5A
:1053D0000176517B41761269C26143668360002089
:1053E00010BD00BFD8A8FF1F70B586B00446C669BF
:1053F000457E2846FDF7CEFE01230493084B039318
:105400000022029201900092134629463046FEF790
:105410007FF8E369034AC3F8682206B070BD00BF95
:10542000A0860100400D030070B582B090F82030D6
:10543000002B38D00D460446032905D900F120027F
:105440000C211B48FDF7D8FD04F10C0621783046ED
:10545000FEF7CAF929463046FDF72EFEC0B20128F4
:1054600007D004F120020B211148FDF7C5FDFF26EE
:105470001AE0627E002300930123E1693046FEF7C3
:1054800095FC064638B104F1200201460848FDF7B4
:10549000B3FDFF2608E0657104F1200200210448F5
:1054A000FDF7AAFD00E0FD26304602B070BD00BF4A
:1054B000D8A8FF1F2DE9F04182B004460D461746DB
:1054C000032905D900F120020C212648FDF794FD9F
:1054D00094F82030002B3FD004F10C08217840468E
:1054E000FEF782F929464046FDF7E6FDC6B2394689
:1054F0004046FDF7E1FD3044C0B2022807D004F178
:1055000020020B211748FDF777FDFF2625E0627E7C
:10551000002300930123E1694046FEF747FC06465D
:1055200038B104F1200201460E48FDF765FDFF2663
:1055300013E06571012D01D1677006E0022D01D1E4
:10554000E77002E0032D08BF277104F1200200215B
:105550000448FDF751FD00E0FD26304602B0BDE8ED
:10556000F08100BFD8A8FF1FF8B505460E461446C7
:105570001F46012180F82010FFF756FF20B10023BD
:1055800085F82030FD20F8BD224601212846FFF78E
:1055900091FF0446F243D2B203212846FFF78AFF67
:1055A0002043C4B23A4602212846FFF783FF204336
:1055B000C0B2F8BD90F820309BB330B583B00D4633
:1055C00004460278417E0023019301230093C069C1
:1055D000FEF700FC012809D0E36993F8511204F1A9
:1055E00020021248FDF708FDFF201CE0E069FEF7ED
:1055F00039FC287063790BB9A0700AE0012B01D146
:10560000607006E0022B01D1E07002E0032B08BFBE
:10561000207104F1200200210448FDF7EDFC002078
:1056200001E0FD20704703B030BD00BFD8A8FF1FC8
:1056300070B504460D461646032905D900F120022F
:105640000C210C48FDF7D8FC94F820306BB12946AA
:105650002046FFF7E9FE50B931462046FFF7AAFF82
:10566000002814BFFF20002070BDFD2070BDFF206A
:1056700070BD00BFD8A8FF1F90F8203013B370B5DD
:105680000D46044641783AB121EA05063246012129
:10569000FFF710FFC0B907E041EA050632460121D5
:1056A000FFF708FF90B902E045EA060201E026EAAA
:1056B000050201212046FFF7FDFE002814BFFF2050
:1056C000002070BDFD207047FF2070BDFF2070BD21
:1056D00008B590F8203073B1437812B143EA010263
:1056E00001E023EA01020121FFF7E4FE002814BFD4
:1056F000FF20002008BDFD2008BD00BF10B586B00A
:1057000004460E4B1A798DF808209A6803921A7B8A
:105710008DF810200A4A01925A7B8DF811201B69DE
:105720000593084B01AA0830FFF73EFE01A8FDF7DC
:1057300003FD04F12803636006B010BD6022002061
:10574000986801006860010008B50830FFF74CFE5A
:1057500008BD00BF08B500230122E9210830FFF78A
:1057600003FF08BD2DE9F04782B006468A46476F21
:1057700000F10805012220212846FFF7A9FF002299
:1057800001212846FFF7A4FF20244FF000084FF026
:10579000800933685B0033600DF1070241462846FB
:1057A000FFF746FF9DF8073013F0100F03D0336862
:1057B00043F001033360FA0F49462846FFF788FF9C
:1057C0007F00424640212846FFF756FF013C14F077
:1057D000FF04DED1BAF1000F0AD0002228212846AA
:1057E000FFF776FF012208212846FFF771FF04E04A
:1057F000002220212846FFF76BFF01221146284690
:10580000FFF766FF33683367002002B0BDE8F0871A
:1058100008B50121FFF7A6FF08BD00BF08B54B4B37
:10582000196B08794A4A1070DA6A1079494A10707F
:10583000097911709B6A002B75D0444A5268D2686E
:10584000934204D99B1A414A9362012133E0013B00
:105850003E4AD26A1268D18B11F4004F03D1C3F3D0
:105860000E03D38306E0D18B01F47E41C3F308031A
:105870000B43D383D38B9BB2D382344B9A6A1B6B7B
:105880001B68D98B11F4004F03D1C2F30E02DA83E7
:1058900006E0D98B01F47E41C2F308020A43DA83A1
:1058A000DA8B92B2DA82294B996A11F1FF3118BF73
:1058B000012100229A62254BDA6A126810682433AB
:1058C000984209D1243B1B68DA68204A92F82420C8
:1058D00042F000425A631AE01C4B1B68DB6813F06D
:1058E000804F0AD013681B88106802301060174A76
:1058F000126843F00043536309E013681B78106893
:1059000001301060114A126843F0004353630F4B9B
:105910001B6B1A79104B1A70B9B10C4BDB6A1A79F0
:105920000D4B1A7008BD094A1368002119630B4812
:10593000D862D86820F08040D860032382F82530F0
:10594000506B03681B680A46984708BD809CFF1F80
:105950001F8000401C8000401B80004000000FFFA3
:1059600010B441680A6814684B68234313600368E5
:10597000184A1A600368184ADA60036802F1804224
:105980001A610368154A1A604468427A144BA118D8
:1059900091F8241003EBC10149680A3254F822201F
:1059A0000A604268047A1119097E03EBC101496853
:1059B00002EB8402D2690A604268817A501890F83A
:1059C000300003EBC0035B6802EB8102526B1A608C
:1059D00010BC704701401F000110003800001F80FC
:1059E0005877010038B590F86634F3B10C46054697
:1059F0000B685B6810220D4920469847002310224F
:105A000095F86614204608F035FB23685B6803228E
:105A10000749204698470023102295F8681420462D
:105A200008F028FB204608F0FFFA38BD847001001A
:105A30009870010038B505460C4690F86634D3B12D
:105A40000B685B6826221D4920469847204608F0CF
:105A5000EBFA95F86634012B08D123685B682F2296
:105A6000174920469847204608F0DEFA2146284686
:105A7000FFF7B8FF38BDC3794BB90B685B681C22D0
:105A8000104920469847204608F0CEFA38BD90F8D5
:105A90003C344BB90B685B681A220B492046984787
:105AA000204608F0C1FA38BD0B685B680F22074931
:105AB00020469847204608F0B7FA38BDA470010088
:105AC000CC700100FC7001001C71010038710100F4
:105AD00008B5FFF7AFFF08F087FBFCE708B50646FF
:105AE0000C46154610460AF0EBFA23685B6802463E
:105AF000294620469847204608F096FA2146304627
:105B0000FFF7E6FF08B5837863F07F03837000F149
:105B100010020169806801F0EFF908BD2DE9F0413C
:105B2000037813F0200F30D142691D4B9A422ED8D2
:105B30000546FFF7E7FF064670B32969A86801F03C
:105B400071F90746A86805223946243001F046F964
:105B50008046F0B14FF40072002109F0CFFDA86833
:105B60000379012B0CD9012403685B684246E119D3
:105B7000984780B10134E4B2A8680379A342F3D80E
:105B80006A6902EB43236B6106E0002604E000260D
:105B900002E0002600E006463046BDE8F08100BF86
:105BA000FFFD1F0010B5044680680A46A169243035
:105BB00001F014F930B10346A08800F00F0003EBA8
:105BC000401010BD002010BDF0B50646431E002257
:105BD000082710464FF02E0C4FF0100E01331D46D3
:105BE0001C78202C15D0D4B2082C04D1441C01F808
:105BF00000C0E0B277462C78A4F14105EDB2192D32
:105C000004D8357B2F421CBF2034E4B2451C0C5411
:105C1000E8B201320B2AE1D100230B54F0BD00BFE2
:105C200038B50378A3B90D4604462422002109F0B3
:105C300065FDA560EB79102B02D0202B03D009E085
:105C40002023237001E0402323700120A07038BD81
:105C5000002038BD002038BD2DE9F04F83B0044648
:105C600000920378002B00F0BE80894611468278AE
:105C700012F0010F00F0B78013F0080F08D0C369CD
:105C800042699B1A0A46994228BF1A4600920DE0C3
:105C900013F0200F0AD083681A894369C3EB4213BB
:105CA0009BB2009A9A4228BF1A460092009B002B92
:105CB00000F095801F464FF0000A04F11003019395
:105CC0006369C3F30808227812F0200F04D0A26899
:105CD000166A06EB532624E0A06890F805A00AEAAD
:105CE000532AB8F1000F16D1BAF1000F13D133B90E
:105CF00012F0400F14BF036A236A23610BE0019A7C
:105D0000216901F095F800286DDB20B9237813F0A4
:105D1000700F65D167E02169A06801F083F80AEB94
:105D20000006B8F1000F08D1B7F5007F05D3D4F80D
:105D300008B0DBF82C309E4213D1C8F50075BD4287
:105D400028BF3D46A06800223146243001F046F8C5
:105D50000146002847D02A464144484605F0D8FB72
:105D600035E0B7F5806F28D3C7F34728227812F0C3
:105D7000200F07D19BF80420CAEB0202D2B2904553
:105D800028BF90464FEA48259E420CD343449E428A
:105D900009D20BF1240000F0F9FF20B30BF50C70D1
:105DA00000F0F4FFF8B1A0680368D3F808B04346E8
:105DB0004A463146D84750B915E0DBF800301B6839
:105DC0004A4631465846984768B14FF40075A94491
:105DD00063692B4463617F1B7FF472AF00E0009F17
:105DE000009BD81B05E0637843F0020363704FF01B
:105DF000FF3003B0BDE8F08F30B583B0044643698F
:105E0000C3F3431505B171B901220DF10701204615
:105E1000FFF722FF40B2012801D0002009E06369AA
:105E20001F33636101E020334361A068303000EB31
:105E3000451003B030BD00BF2DE9F04104460769AD
:105E40000278002A3ED00E464169B1423ED016B9D2
:105E50000023036132E012F0080F03D0C3699E42B1
:105E600030D808E012F0200F05D083681B89B6EB0C
:105E7000431F27D822E0D4F808E09EF806500935E1
:105E8000481EE840731E23FA05F5A84200D849B918
:105E900012F0400F14BFDEF82030236A236104F1B2
:105EA000100801E02D1AFAE745B142462169A068C1
:105EB00000F0BEFF013D0028F6DC03E06661012032
:105EC000BDE8F08127610020BDE8F0810120BDE838
:105ED000F08100BFF8B504460F4615461E46242241
:105EE000002109F00BFCB868A060A5803B6AE36064
:105EF00005F00F0200EB421393F83B3013F0080F4C
:105F00003DD103F01703237000EB421191F83B10D1
:105F100011F0180F04BF43F0080323709DF81830E8
:105F2000E37016F0320F03D0237813F0110F26D14F
:105F300006F00F03A370C36AA36100EB4213B3F82A
:105F40004410B3F84A3043EA014116F0100F08D06C
:105F500011B101F007F890B1A37863F07F03A3704B
:105F600004E0216200EB4212D36CE36116F0200FD3
:105F700009D0E1692046FFF75FFF034620B9002002
:105F80002070034600E001231846F8BD0378002B7B
:105F900040D10B7813F0700F3ED04B6913F01F0FF8
:105FA0003CD12DE9F04782B091460C46804600274F
:105FB000BA463D4604E02F4602E02F4600E02F4659
:105FC000666929462046FFF717FF48B303784BB3AD
:105FD0002E2BF0D0E52BF0D0C17A11F0080F0FD1A5
:105FE0002FB100F0F5F9824518BF00201CD10097B1
:105FF0004B46C6F34F1221464046FFF76BFF13E0B6
:106000000F29DCD113F0400FDAD003F01F0790F80E
:106010000DA0D5E700207047002070470020704792
:10602000002001E00020FFE702B0BDE8F08700BFDC
:1060300038B50378002B35D0044690F90230002B98
:106040001EDA0121FFF7AEFD054628B30378E52BE4
:1060500022D0237813F0080F1CBFE369C361238C9F
:106060004383638C8382114B1B682BB100F11601B3
:10607000183098472B8B6B82A37803F07F03A370B3
:10608000A56805F1240000F081FE28B105F50C702B
:1060900000F07CFE034630B9637843F0010363707F
:1060A000002300E00123184638BD00BFEC26002085
:1060B00010B50446FFF7BCFF0023237010BD00BFDE
:1060C0002DE9F04192B00192984600238DF82430DA
:1060D0008DF825300378002B44D106460C460B780A
:1060E00013F0700F40D0134612782F2A12D10133CB
:1060F00001931A782F2AFAD02AB9A1683046FFF7FF
:106100008FFD034631E0A16809A8FFF789FD03462A
:1061100058B309AC012701AA03A9019800F0FCF9C2
:10612000034610B3019B1B78A3B13B4603AA21464B
:10613000304600F099FB0346B8B109AC35460FCDA7
:106140000FC40FCD0FC42B6823603046FFF7B0FF9C
:1061500009ACE0E7434603AA2146304600F084FB41
:10616000034602E0002300E00023184612B0BDE819
:10617000F08100BF70B506460C46FFF759FF054693
:10618000B8B100213046FFF70DFD034680B1066827
:1061900040689968DA6826606060A160E2601E6904
:1061A00058699969DA6926616061A161E26100E07C
:1061B0000025284670BD00BF2DE9F84F054603783D
:1061C00013F0080F00F0C28088469246837813F0DF
:1061D000020F00F0BB8013F0040F05D0C169FFF778
:1061E0002BFE002800F0B2806B69DB439A4500F279
:1061F000AD80BAF1000F00F08D8057464FF00109D5
:106200004FF0050BA8686B694279C3F3080612EAE0
:10621000532421D1002E40F0A180296981B105F1DC
:10622000100200F005FE0028C0F29080002840F027
:106230009F802846FFF766FC002840F0998085E0A3
:106240002B6A3BB92846FFF75DFC00287ED02B69FE
:106250002B628DE02B618BE0296900F0E3FD2118B2
:10626000002E40F09680B7F5007FC0F0878018E0E0
:106270004A4600E05A46A868243000F0AFFD0028E6
:1062800064D022464146304405F042F92644B6F532
:10629000007F38D1A868243000F078FD002832D182
:1062A00054E0B7F5806F1CD3A8680279121BD2B2F4
:1062B000C7F34723934228BF13465C02C26A8A424F
:1062C00008D81A448A4205D9002280F824204FF0C9
:1062D000FF32C262A8680268D6684246B04790B9E9
:1062E00034E0AB68DA6A8A4205D1002283F82420C0
:1062F0004FF0FF32DA62A86803685B68424698474D
:1063000020B34FF400746B6923446B61A0443F1BBE
:106310007FF478AF6B69EA69934205D9EB61AB789A
:1063200063F07F03AB7006E01D4B1B681BB1AB78BD
:1063300063F07F03AB70AB7813F0080F03D02846EF
:10634000FFF776FE10B15046BDE8F88F6B7843F04A
:1063500001036B704FF0FF30BDE8F88F296900F042
:1063600061FD0146C6F50074BC4228BF3C467FE78C
:106370002969A86800F056FD014674E7C6F5007467
:10638000BC4228BF3C466A69EB699A42BFF472AFCF
:106390006EE7C6F50074BC4228BF3C464A466AE731
:1063A000EC260020042904D800EB4101B1F80100DB
:1063B00070470A2904D8013900EB4101C8887047A9
:1063C00010299DBF013100EB4101888800207047F2
:1063D000421E00F10A010020430843EAC01012F8EF
:1063E000013F53FA80F0C0B28A42F5D1704700BF36
:1063F00038B504460D46CB681BB98968FFF710FC19
:1064000038BD2422002109F079F9102323700120DE
:10641000A070AB68A360EB68236238BD2DE9F04F34
:106420008DB0009100238DF80C308DF80D3003787D
:10643000002B69D0834690460C2A65D9C3781BB9D6
:1064400000F08AFC019063E0014603A8FFF7D0FF4B
:10645000002859D09BF80330002B55D04FF0010A8B
:10646000BBF80410CAEB0101490103A8FFF7E4FCE3
:106470000190002848D0002103A8FFF7BDFC074683
:10648000002841D0C37A0F2B3ED1037803F01F03BD
:106490009A4539D10AF1FF3303EB430503EB850538
:1064A0002C46009B5E1905F10D09611BC9B23846E7
:1064B000FFF778FF034658B1A04514D901347E2870
:1064C00094BFC3B23F2306F8013B4C45EDD100E039
:1064D000A146C84507D93B7813F0400F03D00023ED
:1064E000009A02F80930009B4344002203F8012C73
:1064F0003B7813F0400F0BD10AF1010A5FFA8AFAD8
:106500009BF803305345ABD20023009A13700193DC
:1065100001980DB0BDE8F08F2DE9F04F0378202BE6
:1065200003D110F8013F202BFBD088600478002CA9
:1065300000F01F812F2C06D006460023944F05E063
:106540002F2C03D100E00023C4181DE05C2C00F0C8
:10655000F880A4F12205EDB21D2D05D827FA05F526
:1065600015F0010F40F0F08004F0BF053C2D00F065
:10657000EE80203CE4B25E2C00F2EC80013316F891
:10658000014F002CDCD1F5E0264614F8015B202DEC
:10659000FAD02F2DF8D0166063B1C41814F8012D6D
:1065A0002E2A01D0202A02D1013BF7D102E0FF2B95
:1065B00000F3D3801E464B6001F10C0201F1170578
:1065C000202402F8014F9542FBD1451E002215F808
:1065D000014F2E2C01D0202C01D10132F7E7B2FA65
:1065E00082FC4FEA5C1C5D1E07D4445D2E2C10D14A
:1065F00003E014F8016D2E2E0DD19A4280F28280B4
:106600004FF0000A07275646D3464FF00809D046F8
:1066100006E0741E0444013DB5F1FF3FE9D1ECE70B
:10662000845C202C65D02E2C02D1AA4263D125E0B7
:10663000222C20D07C2C1ED0A4F12A0E5FFA8EFED4
:10664000BEF1050F02D82D2C15D10DE0A4F13A0EA4
:106650005FFA8EFEBEF1050F0DD9A4F15B0E5FFA55
:106660008EFEBEF1020F06D9A4F1210E5FFA8EFE56
:10667000BEF15D0F02D9AA4203D107E0AA4202D1BE
:1066800004E05F24C446BE4276D810E00A2F76D0DC
:106690002A460A2708264FF010092FE0AA4272DC8A
:1066A0002A460A2708264FF01009C44626E0A4F11E
:1066B000610E5FFA8EFEBEF1190F04D8203CE4B2E1
:1066C00049EA0A0A08E0A4F1410E5FFA8EFEBEF123
:1066D000190F98BF49EA0B0B06F1010E5FFA8EFE07
:1066E0000E447473BEF1060F07D881F80CE07646AD
:1066F00004E0C44602E0C44600E0764601329A4215
:106700008EDB02E04FF0000AD3464B7B202B27D0D4
:10671000BCF1000F0BD00BEA0A0BBBF1000F18BF46
:106720004FF0020A81F800A00120BDE8F08F01209F
:1067300008700B7B19447E234B7331238B73BDE8A8
:10674000F08F0020BDE8F08F0020BDE8F08F002022
:10675000BDE8F08F0020BDE8F08F0020BDE8F08F8D
:106760000020BDE8F08F0020BDE8F08F0020BDE8DC
:10677000F08F0023C6180EE70A2F8FD103E04B7B62
:10678000202BD4D1EFE74B7B202BD0D1EEE700BFFD
:10679000010100312DE9F84F04460E460D7B4FF004
:1067A00002084FF07E0901F10D075FFA88F3012B13
:1067B00003D872193033937324E0726808EB020334
:1067C0009BB2B0684AB10146104411F8012B03EBAB
:1067D000431353409BB28142F7D1032D28BF0325B9
:1067E0002A1DD2B295420DD203F00F01104609299D
:1067F00094BF30313731304441731B09013AD2B272
:106800009542F1D1731983F80D9000212046FFF7CE
:1068100013FB4FF0010A4FF00B0B51462046FFF7D8
:10682000EBFA014628B96078B0FA80F04009BDE87B
:10683000F88F037853B1C37A13F0080FEDD15A469D
:10684000384608F0C5FE0028E7D105E00120BDE884
:10685000F88F0020BDE8F88F08F101081FFA88F8CA
:10686000B8F1640FA1D1F4E72DE9F04F8DB00C78A9
:1068700014F0700F00F0D5810478002C40F0D38123
:10688000D2F804A0147814F0030F0BD00AF10C0412
:10689000B64DA5FB04484FEA980808F101085FFAD5
:1068A00088F801E04FF001080993154605920E465D
:1068B0000B9000213046FFF7BFFA00270897039797
:1068C0003C46BB4607972B460D3306931DE04FF021
:1068D000000B1AE04FF0000B17E04FF0000B14E034
:1068E00003934FF0000B10E04FF0000B0DE04FF062
:1068F000000B0AE04FF0000B07E04FF0000B04E044
:106900000123079301E0DDF828B07369C3F34F1941
:1069100001213046FFF770FA054620B97378002B45
:1069200000F0958081E10378E52B00D043B9002C7D
:1069300008BF4F4644453CBF0134E4B223B986E06A
:10694000444538BF002401E0E52BC0D02E2BC1D038
:10695000EA7A0F2A54D1BBF1000F09D113F0400F8E
:10696000D3D003F01F0B6B7B0893CDF80CB00BE07A
:10697000039A013AD2B203929342AED16A7B08994C
:106980009142ADD108920393039B013B03EB430279
:1069900003EB820291469245A6D90D32CDF828B07C
:1069A00004954D469346C5EB0901C9B20498FFF71B
:1069B000F9FCCA4506D1DDF828B0002818BF4FF011
:1069C000000BA2E7FF2892D8C0B2A0F14103DBB2CE
:1069D000192B9CBF2030C0B209F10102059B9B68B6
:1069E00013F80930A3F14101C9B219299CBF203322
:1069F000DBB283427FF47EAF5A4584D09146D2E722
:106A000012F0080F7FF479AFBBF1000F0BD0039B9E
:106A1000012B40F00C812846FFF7DAFC089B8342EB
:106A20000FD000230EE10B220699284608F0D0FD76
:106A300000287FF46AAF059B1B7813F0010F7FF4E9
:106A40005FAF099B13F0800F00F0E180F1E0099B3C
:106A500003F04203422B40F0EE80002C08BF4F466B
:106A6000444520D2002529463046FFF7C5F930B904
:106A70007378002B40F0E180A04505D813E0013485
:106A8000E4B2A045EFD80EE03046FFF747F80346E2
:106A9000002800F0D780B3681B79012B03D810348D
:106AA000E4B2A045F0D8079B3BB105993046FFF70B
:106AB00071FE0346002800F0C58079013046FFF7DB
:106AC000BBF90346002800F0BD8008F1FF3818F03C
:106AD000FF0B62D05F464FF000084FF00F09059A98
:106AE00013460D330493CDF80CB09346414630461F
:106AF000FFF782F90546002800F0A180B26892F8FD
:106B0000243043F0010382F82430039BBB420CBFC6
:106B100047F040043C46047080F80B9080F80C80ED
:106B20000498FFF755FC687385F81A8085F81B8078
:106B3000DBF8081004F01F04631E03EB430403EBAF
:106B40008404224643460C44924501D9E05C05E0AA
:106B5000BAEB020018BF4FF0FF3080B2D9B204295F
:106B600006D805EB4301A1F801000CE04FECC44E40
:106B70000A2903D805EB4301888004E010299CBF53
:106B800005EB4301C880013201330D2BDCD1013FFD
:106B900017F0FF07AAD1DDF80CB07369C3F34F19E2
:106BA00000213046FFF728F90446002849D020226A
:106BB000002108F0A3FD0598034653F80D1F5A68FD
:106BC000216062601A899B7A2281A372037803F0A4
:106BD000180323731D4B1B682BB104F10E0104F144
:106BE0001000984707E021232374282363740023AF
:106BF000A3730823E373238A63822383E389E382F5
:106C0000B26892F8243043F0010382F82430CDF8C2
:106C100000B0099B4A4631460B98FFF75BF90346E3
:106C200010E000230EE000230CE000230AE0002324
:106C300008E0002306E0002304E0002302E0002334
:106C400000E0002318460DB0BDE8F08FEC260020D0
:106C500038B5054663290ED80D4BA3FB0123DB088D
:106C6000C3EB4314C3EB8404303101EB4404E4B2BE
:106C700003F1300101E03F210C462B681B682846D8
:106C800098472B681B6821462846984738BD00BFA7
:106C9000CDCCCCCC70B584B004460D4604A90023FD
:106CA00001F8023D681200F2BC7000F045FA064699
:106CB00009F006FA23685B68024631462046984789
:106CC00023681B682D2120469847C5F343112046B1
:106CD000FFF7BEFF23681B682D212046984705F06B
:106CE0001F012046FFF7B4FF04B070BD38B504465D
:106CF0000D46C90AFFF7ACFF23681B683A212046FE
:106D00009847C5F345112046FFF7A2FF23681B688B
:106D10003A212046984705F01F0149002046FFF719
:106D200097FF38BD30B589B00C466946FFF722FAA7
:106D3000054670B1BDF818102046FFF7ABFF236879
:106D40001B68202120469847BDF816102046FFF703
:106D5000CDFF284609B030BD03789BB113F0600F1A
:106D600005D02F230B7000234B700120704710B506
:106D70000C460021FEF716FF30B12146FEF724FF36
:106D8000012010BD00207047002010BDF8B5037829
:106D900013F0010F1CD00446406804F10C06036890
:106DA0005B683246A16898470546A0B1237813F086
:106DB000020F08D06068A768016903685B68324603
:106DC0003944984730B1237823F00103237002E05F
:106DD000012500E005462846F8BD00BF70B5044611
:106DE000154683688B4211D00E46FFF7CFFFA8B13E
:106DF00015F0040F07D1606803681B6804F10C02EA
:106E00003146984760B100232370A66005F0030562
:106E100023781D43204600F80C5B70BD002070BD38
:106E2000002070BD02398379994040690844704759
:106E300070B504460D461646C379202B0FD18169E3
:106E4000022201EBD51100F50C70FFF7C7FFD8B196
:106E500005F07F0550F8253023F070430EE0102B2D
:106E600015D1C1F3072183690222194400F50C7082
:106E7000FFF7B4FF70B1EDB230F81530E26993421C
:106E80000BD83360012070BD4FF0FF3070BD4FF064
:106E9000FF3070BD4FF0FF3070BD002070BD00BFEF
:106EA00038B50C461546C379202B0ED181690322D3
:106EB00001EBD41100F50C70FFF790FFB0B104F0B6
:106EC0007F0440F82450012038BD102B10D1C1F3AD
:106ED000072183690322194400F50C70FFF77EFF38
:106EE00040B1E4B220F81450012038BD002038BD74
:106EF000002038BD002038BD2DE9F04182B00546A4
:106F000090460F4609B9C66800E00E463446013483
:106F1000EB699C4288BF022401AA21462846FFF75C
:106F200087FF002804DB08B1019B1BB1B442EED1FE
:106F3000002613E06FF0704221462846FFF7B0FFAD
:106F4000064658B13FB1224639462846FFF7A8FF0A
:106F500010B9064602E0EC60C8F80040304602B0C6
:106F6000BDE8F081F0B583B005460C46002701AAC4
:106F700021462846FFF75CFF061E0EDB3A462146F7
:106F80002846FFF78DFF024640B1EB689C4238BFB0
:106F9000EC60019C002EEAD100E00022104603B014
:106FA000F0BD00BF38B504460023C3710122C260A2
:106FB000806280F824304FF0FF32C262C0F83402A1
:106FC00080F83032C0F83822C1B10D46042975D896
:106FD0001A4619462430FFF701FF002870D0013D02
:106FE00000EB051292F8BE2112F07F0F6AD11C351A
:106FF00000EB0515D5F806500DB965E00025002217
:10700000294604F12400FFF7E9FE024600285DD07E
:10701000B0F80B30B3F5007F5AD1037C022B59D165
:10702000C389002B58D0407B2071431E637100231D
:10703000A37101280DD01946012303E013B9A171F2
:10704000002038BD5B00DBB20131C9B29842F5D1F6
:10705000A171D38A0BB1194600E0516A2161D3892D
:107060002B44A361B2F81100208103EB410323629A
:10707000B2F81110490101F2FF1103EB61236361C2
:10708000B2F8131001B9116AED1A0D44A37925FA6B
:1070900003F3591CE16140F6F4718B4203D80C23D1
:1070A000E371002038BD4FF6F4718B4291BF10237D
:1070B000D36A23622023E371012038BD002038BD4C
:1070C000002038BD002038BD002038BD002038BD6C
:1070D000002038BD002038BD002038BD092825D942
:1070E00010B4821002EB6002C2F30F14224492B279
:1070F00002EB1222C2F3CC0294B2D2B202EB8202B1
:10710000A0EB4203DBB2092B83BF601CA3F10A048E
:10711000E3B22046303301F8013D0928E1D800F1FF
:107120003003084600F8013D10BC704700F1300301
:10713000084600F8013D704708B5030C1AD08308D3
:1071400003EB500303EB131303EB132303EB134382
:10715000DB08DAB202EB8202A0EB4200C2B2092ADB
:1071600083BF581C0A3AD2B21846303201F8012DBA
:10717000030CE4D180B2FFF7B1FF08BD03797BB106
:1071800010B504460121407904F052FBFF2120682C
:1071900000F044FB206800F09FFB0023237110BD2A
:1071A000704700BF037963B910B50446C179006820
:1071B00000F082FA0021607904F03AFB0123237188
:1071C00010BD70472DE9F04182B004460F4690464D
:1071D000194B1B680093009E174D206800F0BAFA07
:1071E0002072FF2809D12B680193019B9B1BB3F5EB
:1071F000967FF2D91123A37116E0FE2802D00F2347
:10720000A37111E042463946206800F0B7FA2072B7
:1072100010B11C23A37107E0206800F09BFA2068DE
:1072200000F098FA012003E02046FFF7A7FF0020B6
:1072300002B0BDE8F08100BFD4270020F0B583B0D4
:1072400004460F460A4B1B680093009E084D2068B9
:1072500000F080FAFF2807D02B680193019B9B1B4D
:10726000BB42F4D3002000E0012003B0F0BD00BF1A
:10727000D4270020F0B583B004460F46019203796D
:107280000BB9FFF78FFF4FF416712046FFF7D6FFBB
:1072900047F04001206800F0C1FA02AD01AE15F8D8
:1072A000011D206800F0BAFAB542F8D1AFB18721CC
:1072B000206800F0B3FA0C2F02D1206800F04AFADF
:1072C0000025206800F046FA207210F0800F09D0E7
:1072D0000135B5F5807FF4D104E09521206800F0F8
:1072E0009DFAEDE703B0F0BD2DE9F04784B0054607
:1072F00008469A4600236B72AB7129606A714F4B46
:107300001B680093009E114600F0C4F98023EB71C6
:107310002846FFF747FF2846FFF730FF0A24FF27DC
:107320003946286800F07AFA631E13F0FF04F7D19B
:107330000024424F224621462846FFF79BFF0128A2
:1073400009D03B680193019B9B1BB3F5FA6FF1D900
:107350000123AB716AE04FF4D5780827DFF8DC90A1
:10736000424639462846FFF785FF052804D1012308
:107370006B724FF000081AE00424286800F0EAF964
:107380002872631E13F0FF04F7D1AA2804D1022348
:107390006B724FF080480AE0D9F800300293029BEC
:1073A0009B1BB3F5FA6FDBD90223AB713EE00027DC
:1073B0003724DFF888903A4621462846FFF75AFFDF
:1073C000424629212846FFF755FF50B1D9F8003031
:1073D0000393039B9B1BB3F5FA6FECD90A23AB71A4
:1073E00024E06B7A022B1AD100223A212846FFF7BB
:1073F00041FF10B10823AB7118E0286800F0AAF92A
:1074000000F0C000C02804BF03236B72286800F09E
:10741000A1F9286800F09EF9286800F09BF9284639
:10742000FFF7ACFE85F807A0012003E02846FFF730
:10743000A5FE002004B0BDE8F08700BFD4270020DF
:1074400038B504461546437A032B18BF49020A464D
:107450001121FFF70FFF10B10423A3710BE04FF4CC
:10746000007229462046FFF7ADFE054618B12046BA
:10747000FFF784FE03E02046FFF780FE0025284644
:1074800038BD00BF10B504460A46437A032B18BF27
:107490004A021221FFF7EEFE30B10523A371204608
:1074A000FFF76CFE002010BD012010BD10B5044692
:1074B00000220C21FFF7DEFE30B10323A37120462A
:1074C000FFF75CFE002010BD2046FFF757FE0120AD
:1074D00010BD00BF2DE9F041064615461F46FFF7D7
:1074E000D1FF0346A0B17FB100244FF4007842469B
:1074F00029463046FFF766FE034648B10134A4B280
:1075000005F50075BC42F2D33046FFF7CFFF0346C6
:107510001846BDE8F08100BF38B50446154600683E
:1075200000F07CF94FF400722946206800F086F9DB
:10753000FF21206800F072F9FF21206800F06EF949
:10754000206800F007F9207200F01F00052806D01F
:107550001323A3712046FFF711FE002038BD012040
:1075600038BD00BF38B504461546437A032B18BF13
:1075700049020A461821FFF77DFE10B10623A371C8
:107580000AE02A46FE212046FFF7C6FF054618B14D
:107590002046FFF7F3FD03E02046FFF7EFFD00254F
:1075A000284638BD38B504460D464FF41671FFF72E
:1075B00045FE10B91723A37106E02A46FC21204698
:1075C000FFF7AAFF034618B92046FFF7D7FD0023AF
:1075D000184638BD70B504460D46164600223721C0
:1075E000FFF748FE324617212046FFF743FE10B151
:1075F0000923A3710BE0637A032B18BF6D022A469F
:1076000019212046FFF736FE30B10723A37120462B
:10761000FFF7B4FD002070BD012070BD38B50446F1
:107620004FF41671FFF70AFE70B1FD21206800F0DB
:10763000F5F84FF416712046FFF700FE054618B125
:107640002046FFF79BFD05E01223A3712046FFF7BC
:1076500095FD0025284638BDF8B5074614461E4658
:107660001A46FFF7B7FF78B156B1002521463846D4
:10767000FFF798FF40B1013504F50074AE42F5D133
:107680003846FFF7CBFFF8BD3846FFF777FD0020FF
:10769000F8BD00BF10B50C460121204604F0FAF8F1
:1076A0000121204604F0C4F8024A136843F48053D1
:1076B000136010BD3C80044002290FD9042910D961
:1076C000082910D90C2911D9102912D9202913D928
:1076D000194B1A4A402998BF13460EE04FF0004359
:1076E0000BE0002309E041F2010306E042F202034D
:1076F00003E043F2030300E0114B43F0605243F018
:10770000F0431049C9688A4203D10E4909698B4286
:1077100004D00C490C480860CA600B610B4A094B45
:107720001A604FF410730A4A13604FF40071043268
:107730001160083A136070470660010005500100AF
:107740000440010000C0024001401F8000001F8073
:1077500018B00440084B1A6842F480621A604FF077
:107760000042DA62FF225A631A46D36A002BFCDA1F
:10777000014B986BC0B2704700C00240F8B50C4690
:107780001546234A234B1A6015F0010F05D04E1CF5
:10779000FFF7E0FF2070013D3446052D02D86A084E
:1077A00001D107E0032200231A481B49416301333A
:1077B0009342FBDB5600A81B2044844215D221468D
:1077C000144A154FD36A13F0F00FFBD05763936B35
:1077D0001D1201F8025B01F8013C8842F2D8E34334
:1077E000034423F0010302331C443044A0420CD96B
:1077F000084AD36A13F0F00FFBD0936B191204F808
:10780000021B04F8013CA042F3D80020F8BD00BFE1
:1078100000041F8000C00240FFFF0090064B1A6862
:1078200042F480621A604FF00042DA6259631A46ED
:10783000D36A002BFCDA704700C00240F8B514464A
:10784000234A244B1A6014F0010F05D04D1C09780F
:10785000FFF7E4FF013C2946052C34D80D196408D4
:1078600003D18D4213D91B4A14E08A1C0020194F02
:10787000114612F8026C12F8013C43EA062343F069
:1078800010437B6301300232A042F1DBE9E7ECB147
:10789000104A10E011F8020B11F8013C43EA0020F5
:1078A000D36A13F0F00FFBD040F010435363936B97
:1078B000A942EFD3EBE7D36A13F0F00FFBD0936B41
:1078C000013CF8D1F8BD0D190324CEE7F8BD00BF87
:1078D00000041F8000C00240704700BF70B505461D
:1078E0000E4600F14404204603F0FAFD4FF47A629C
:1078F0004EF66021204600F0D1FE28B90B490C4815
:1079000006F0AAFBF02070BD0A2001F007F842F251
:10791000B821084801F03EF828B90749044806F0A4
:107920009BFBFF2070BD2E70002070BD48710100D0
:10793000C89DFF1FF02600207471010070B5054638
:107940000E46041D30220021204607F0D7FE2323D7
:107950002B717B2231460E4801F032F820B93246B5
:107960000C490D4806F078FB30222146084801F00A
:107970006FF818B90949084806F06EFB044801F091
:1079800061F818B90649044806F066FB70BD00BFEF
:10799000F02600208C710100C89DFF1FB871010006
:1079A000D07101002DE9F04385B0074689461546A0
:1079B000037800EB8303596BFFF7C0FF244B1B6870
:1079C0000193019E782D2CBF751906F17805204C86
:1079D000DFF8888023680293029B9D4234D9236894
:1079E0000393039B9B1B632BF4D9404601F06EF875
:1079F00002460028EED0302806D03023154916481C
:107A000006F02AFBFF2020E03022391D134801F048
:107A100045F80246B0F1FF3F05D111490E4806F086
:107A20001BFBFF2011E0302806D030230D490A4807
:107A300006F012FBFF2008E0FA6A12BA0A4B134460
:107A4000C9F80030002000E0F02005B0BDE8F08368
:107A5000D4270020EC710100C89DFF1FF0260020F4
:107A6000107201003C7201008081557C074B00229E
:107A70001A714FF47A7199601A73054919600549B2
:107A800019615A6104221A77704700BFF02600205E
:107A9000687501003079010000230361436183614F
:107AA000C3610362704700BF054A02600A7C02712D
:107AB0004A7C42718A7C8271CA7CC271704700BF65
:107AC00030790100054A02600A7D02714A7D4271E7
:107AD0008A7D8271CA7DC271704700BF3079010012
:107AE000054A02600A7E02714A7E42718A7E827174
:107AF000CA7EC271704700BF30790100074A026038
:107B000091F82020027191F82120427191F82220F1
:107B1000827191F82320C271704700BF3079010053
:107B2000302301F8023B130902F00F02092A94BF27
:107B30003032373201F8012D1A46002BF3D170474D
:107B40002DE9F04F8DB0064688469146202200214F
:107B500002A807F0D3FD06F148057C4B0A93FF23EA
:107B60008DF82C308DF82D308DF82E308DF82F308B
:107B700043220AA9284600F05DFFB0F1FF3F00F064
:107B8000E18001238DF808308DF8093006248DF846
:107B90000A4000278DF80B7073681A0E42EA0361E1
:107BA0001A0202F47F020A431B0A03F47F431343C1
:107BB000019303934FEA19238DF810308DF811903B
:107BC0008023ADF80230ADF812301C2202A92846FD
:107BD00000F03EFF4FF0200B5A46394602A807F04E
:107BE0008DFDB2465AF8080F0DF1300949F8280DFD
:107BF000BAF80430ADF80C30102202A9284600F083
:107C000027FF5A46394602A807F078FD5F463A46F4
:107C10004946284600F01CFF013CF8D163238DF84B
:107C2000083082228DF8092053228DF80A208DF821
:107C30000B3035238DF80C3001238DF80D308DF885
:107C40000E803D228DF80F2007228DF810208DF830
:107C50001130DAF80030CDF81230BAF80430ADF84F
:107C600016300C238DF818308DF81930384B186801
:107C7000CDF81A009A889B79ADF81E208DF8203037
:107C8000F27A08A93046FFF74BFF327B0DF1220153
:107C90003046FFF745FF727B09A93046FFF740FFEA
:107CA0001E2202A9284600F0D3FEB8F1030F27D107
:107CB00032238DF8083004238DF80930327C8DF89A
:107CC0000A20727C8DF80B20B27C8DF80C20F27C9F
:107CD0008DF80D2036228DF80E208DF80F30337F71
:107CE0008DF81030737F8DF81130B37F8DF812301E
:107CF000F37F8DF813300C2202A9284600F0A8FE6D
:107D000037238DF8083006238DF8093001228DF8CD
:107D10000A2003228DF80B208DF80C300F238DF8EC
:107D20000D303A238DF80E303B238DF80F30FF23B2
:107D30008DF81030092202A9284600F089FE284655
:107D400000F080FE0DB0BDE8F08F00BF307901007B
:107D5000587501002DE9F04F93B0074689469346C8
:107D6000B24B1B680393DDF80C8000F14805AF4E61
:107D70004FF0320A2C46284600F0A8FE00280BDC03
:107D800033680493049BC8EB03034B4500F249811D
:107D9000504603F063FEEDE7242205A9284600F0D3
:107DA0007DFE9DF81430022B40F03181B7F8603031
:107DB000432B40F02F81069B1D0E45EA03651A02F6
:107DC00002F47F0215431B0A03F47F431D43CBF8E3
:107DD0000050062207F108010CA807F0F9FB28B9AA
:107DE0003B689D4202D37B689D4204D9204600F047
:107DF000C3FD002016E109983861CC25204600F02B
:107E000033FE013DFAD14FF0000907F1240A4FF08B
:107E1000040807F128030193204600F09FFD002885
:107E200040F3FA80204600F01FFE332800F0C380A4
:107E30000ADC012820D002DC0028EDD0D2E00328A3
:107E400024D006283BD0CDE03A2800F0878004DC1F
:107E5000352808D036284BD0C4E03B2800F0948069
:107E6000FF28D9D0BEE0204600F0FEFD204600F0FD
:107E7000FBFD5FFA80F9CFE7204600F0F5FD4246B2
:107E800007F11401204600F009FEC5E7204600F086
:107E9000EBFD8346424607F11801204600F0FEFD47
:107EA0005FFA8BFBABF10403002BB5DD9B4600268C
:107EB000204600F0D9FD01365E45F9D1ACE72046F9
:107EC00000F0D2FD8346424607F12001204600F033
:107ED000E5FD5FFA8BFBABF10403002B9CDD9B46B9
:107EE0000026204600F0C0FD01365E45F9D193E73B
:107EF000204600F0B9FD97F81CE08DF83CE07E7F4D
:107F00008DF83D60BA7F8DF83E20FB7F8DF83F30C5
:107F10000F9991B18DF844E08DF845608DF84620B9
:107F20008DF84730FB6D119A9A4206D0C0B200F12D
:107F3000FF3B5FFA8BFB38B96EE7424607F11C0145
:107F4000204600F0ABFD67E70BF1010B2E46204603
:107F500000F08AFD0136B345F9D15DE7204600F017
:107F600083FD42460199204600F098FDBB6A1A0E37
:107F700042EA03611A0202F47F020A431B0A03F475
:107F80007F431343BB6247E7204600F06DFD424646
:107F900007F12C01204600F081FDFB6A1A0E42EA2F
:107FA00003611A0202F47F020A431B0A03F47F43AF
:107FB0001343FB6230E7204600F056FD424651462F
:107FC000204600F06BFD7B6A1A0E42EA03611A023A
:107FD00002F47F020A431B0A03F47F4313437B62CC
:107FE0003B6319E7204600F03FFDC0B200F1FF3BC4
:107FF0005FFA8BFB00283FF40FAF0BF1010B2E460D
:10800000204600F031FD01365E45F9D104E74FF01E
:10801000000901E04FF00009204600F0ADFC4846A1
:1080200000E0FF2013B0BDE8F08F00BFD427002090
:108030002DE9F04786B004464FF4FA61012006F0BE
:1080400093F86060A14649F8480B484600F096FC5A
:108050004421484600F09EFC002800F09B804F4BD6
:108060001B680093DDF80080002635464B4FDFF893
:1080700030A194F84430032B7FD09BB9636801335F
:1080800063603B680193019AC8EB0202AAFB0232CB
:10809000C2F38F1201212046FFF752FD012384F81D
:1080A00044305AE0042B13D16368013363603B68AA
:1080B0000293029AC8EB0202AAFB0232C2F38F12A9
:1080C00003212046FFF73CFD022384F8443044E0BE
:1080D000012B1AD105AAE16B2046FFF73BFE0546AE
:1080E00002283AD1059B63603B680393039AC8EB6F
:1080F0000202AAFB0232C2F38F1203212046FFF7CD
:108100001FFD022384F8443027E0022B25D105AA65
:10811000E16B2046FFF71EFE0546052818D1032314
:1081200084F84430636A13B94FF461736362A36ADD
:1081300013B9636A5B08A362E36A1BB9636AA3EBC2
:10814000D303E362A36A2363E36A6363012604E063
:10815000062804BF002384F84430FF2D04BF002507
:1081600084F84450002E84D13B680493049BC8EBF0
:108170000303A26B93427FF67CAF484600F0FEFB00
:10818000636801336360054B1B680593059B23649B
:10819000304600E0002006B0BDE8F087D42700207C
:1081A000D34D6210F8B504460F460025456285623E
:1081B000C5628263C36385608581FFF76DFC3B68A0
:1081C000A360BB88A38184F844502046FFF730FFAA
:1081D000F8BD00BF4B68436000230381704700BFB8
:1081E00070B40139002528462E4611F8013FBBB175
:1081F000A3F13004E4B2092C08D800EB8000303B36
:1082000003EB400398B2FF28EFD90EE02E2B0ED1DE
:10821000032D0ED06B1C15442871DDB23046E4E707
:10822000032D08D1D071012006E0002004E00020D9
:1082300002E0002000E0002070BC7047024B034ABF
:108240001A6000225A607047102700203079010020
:108250002DE9F04182B00C463E4B1B680093009B19
:10826000038100F10C07022200F10801384600F0FA
:10827000EFFB02AD012325F8023D022229463846D4
:1082800000F0E6FB4FF48073ADF806300222294679
:10829000384600F0DDFB0023ADF806300222294607
:1082A000384600F0D5FB02222946384600F0D0FBC4
:1082B00002222946384600F0CBFB23786BB32646D2
:1082C0004FF0010801E0144626462378DBB12E2B3F
:1082D00002D11CE02E2B1AD014F8013F002BF9D14B
:1082E00011E08DF8055042460DF10501384600F0C9
:1082F000AFFB2A463146384600F0AAFB621C2378C1
:10830000002BE0D109E0A51B002DEADC05E0A51B50
:10831000002DD8BF0134D7DDE3E702A9002301F81F
:10832000033D0122384600F093FB4FF4807502AC08
:1083300024F8025D02222146384600F089FBADF8A0
:10834000065002222146384600F082FB012002B08E
:10835000BDE8F081D42700202DE9F04F89B0814697
:108360000F469246994B1B680293029E00F10C0443
:10837000964D4FF03208A346204600F0A7FB002898
:108380000ADC2B680393039B9B1BBB4200F20C810E
:10839000404603F063FBEEE7D9F80420D9F820301B
:1083A0009A4240F00481B9F82430352B40F0028124
:1083B000204600F0D3FA0B2840F3FF800C2205A9D9
:1083C000204600F06BFBBDF81620130A43EA022397
:1083D0001BB29AB2ADF81220B9F80800BDF814101B
:1083E000884201D1002B05DB584600F0C5FA4FF654
:1083F000FC70E8E040F20F231A4205D0204600F05E
:10840000BBFA4FF6FB70DEE0BDF81A40230A43EAE0
:108410000424A4B254B1BDF8182013029BB253EA4D
:10842000122300F0CD800025012605E0584600F01B
:10843000A3FA4FF6FA70C6E032460DF1060158462F
:1084400000F02CFB9DF806307BB1013B8DF8063027
:10845000584600F009FB9DF80620531EDBB28DF84C
:108460000630002AF4D1002BE6D1584600F0FCFA81
:10847000584600F0F9FA584600F0F6FA584600F06F
:10848000F3FA0135ADB2BDF8182013029BB243EAEE
:1084900012239D42D0DB93E032460DF10301584692
:1084A00000F0FCFA9DF8033013F0C00F0FD1BBB100
:1084B000013B8DF80330584600F0D6FA9DF80320B2
:1084C000531EDBB28DF80330002AF4D106E0584683
:1084D00000F0CAFA00238DF8033001E0002BDBD155
:1084E000022201A9584600F0D9FA02220DF1060134
:1084F000584600F0D3FA584600F0B6FA584600F055
:10850000B3FA584600F0B0FA584600F0ADFA02222D
:108510000DF11201584600F0C1FABDF80420130213
:108520009BB243EA1223012B08D0BDF8122013029C
:108530009BB253EA12232CD000271DE0BDF8062081
:1085400013029BB243EA1223012BEED1BDF8122095
:1085500013029BB243EA1223042B05D0584600F0C5
:108560000BFA4FF6F7702EE004220AEB0201584690
:1085700000F094FA012026E0584600F075FA013721
:10858000BFB2BDF8122013029BB243EA12239F42EE
:10859000F2DB0135ADB2AC427FF47EAF584600F05D
:1085A000EBF94FF6F6700EE04FF6FF700BE04FF66A
:1085B000FE7008E04FF6FE7005E04FF6FD7002E039
:1085C0000025012668E709B0BDE8F08FD427002018
:1085D0002DE9F04184B005460F469046FFF700FEB6
:1085E000002837D104466A68294B5B689A4233D029
:1085F00005F10C06274B1B680193019901F00F014F
:1086000001F58061304600F0C5F901283CD1224BCC
:1086100002936B680393352202A9304600F00AFAF0
:10862000044698B139462846FFF712FE68B1304635
:1086300000F008FA044690B908E0424641F2883159
:108640002846FFF789FE044600E00024304600F08B
:1086500095F919E0012417E06FF0010414E0424697
:1086600041F288312846FFF777FE0446B0F1FF3F1C
:10867000ECD1424641F288312846FFF76DFE0446B0
:10868000B0F1FF3FD9D0E1E7204604B0BDE8F0816A
:1086900010270020D42700203079010070B58AB05F
:1086A00004460D4616468E4B1B6813F0010F17D17A
:1086B0008B4803F00DF898B18A4B002283F84C20C8
:1086C0004FF47A71196583F8542087499964874972
:1086D0009965DA65042283F86420814802F0FEFF80
:1086E000804A834B1A6002F0ABFC824BDB7A2BB3DF
:1086F00072B6804BDB7A13F0010F06D07E4A106809
:108700007C49CB6803408B6113607A4BDB7A13F0B2
:10871000020F06D0794A106876490B690340CB6195
:108720001360744BDB7A13F0040F06D0744A1068A0
:1087300070494B6903400B62136062B66D4B1B6856
:10874000DA68B2F1605F0BD06E4A1A60694B1B6841
:108750004FF06052DA604FF0F0421A616A4A1A60D4
:1087600006222146092001F0EDFA604B0093002318
:108770008DF804308DF805308DF806308DF807300F
:1087800004220DEB02010F2001F0DCFA594BDB7AD9
:10879000C3B113F0010F03D0564B9A695B4B1A60BB
:1087A000544BDB7A13F0020F03D0524BDA69584B6B
:1087B0001A60504BDB7A13F0040F03D04D4B1A6A4A
:1087C000544B1A6033462A46214649480068FFF751
:1087D000E9FC044601287FD1464BDB7A2BB372B605
:1087E000444BDB7A13F0010F06D0434A106841492D
:1087F000CB6803408B6113603E4BDB7A13F0020FB2
:1088000006D03E4A10683B490B690340CB611360B8
:10881000384BDB7A13F0040F06D0394A106835491B
:108820004B6903400B62136062B6324B1B68DA6817
:10883000B2F1605F0BD0334A1A602E4B1B684FF0C9
:108840006052DA604FF0F0421A612F4A1A60284DE8
:10885000296802A8FFF728F9042203A90F2001F0D4
:1088600071FA296804A8FFF73BF9042205A9012041
:1088700001F068FA296806A8FFF724F9042207A97D
:10888000052001F05FFA1B4BDB7AC3B113F0010F37
:1088900003D0184B9A691D4B1A60164BDB7A13F004
:1088A000020F03D0134BDA69194B1A60114BDB7AB4
:1088B00013F0040F03D00F4B1A6A164B1A600C4BBF
:1088C000196808A8FFF71AF9099A134B5A6003F0C0
:1088D000A1F880B200F028FA20460AB070BD00BFAF
:1088E000182700201C27002068750100307901003E
:1088F0008C270020809CFF1F80E100E084E100E0E5
:1089000088E100E001401F0000001F8000E100E05E
:1089100004E100E008E100E084270020014B18702A
:10892000704700BFBA9CFF1F024B034A1A60002227
:108930005A607047842700203079010008B5036829
:108940009B6B984708BD00BF024A02604A694260BB
:10895000704700BF30790100008B7047C08B7047B3
:1089600010B582B002AB03F8011D02685468012201
:108970001946A04702B010BD704700BF037F032B0C
:1089800007D810B50446184600F01CFD04232377D1
:1089900010BD704738B504460D46007F032801D846
:1089A00000F010FD2946022000F0D0F920770328BE
:1089B00004D8E5810023E383012038BD002038BDC1
:1089C00070B592B005460C461646174A039200232E
:1089D00004938DF81C304FF47A7108918DF824308F
:1089E000124906910A920B9304218DF834100192DA
:1089F00002930E920E4B5B680F930EA903A8FFF72C
:108A0000E9FB01AA214603A8FFF7E2FD012809D1ED
:108A10002B689B6A044A1092029A1192324610A95E
:108A20002846984712B070BD307901006875010082
:108A30008427002008B5002343830431007F00F021
:108A4000ADFF08BD08B5007F01F042F808BD00BFCA
:108A500010B5044693B20A46418B007F00F020FF18
:108A6000638B0344638310BDC38B83B110B582B0A5
:108A7000044601220DF10701007F00F011FD0028DE
:108A800008DDE38B013BE3839DF8070004E04FF032
:108A9000FF3070474FF0FF3002B010BDC38B73B191
:108AA00010B50446934294BF1AB212B2007F00F090
:108AB000F7FC002806DDE38B1B1AE38310BD4FF0A3
:108AC000FF3070474FF0FF3010BD00BF10B582B0CF
:108AD0000446C38B33B123685B6920469847E38B18
:108AE000002BF8D1207F00F0DDFD10B3082269468D
:108AF000207F00F0D5FC00281CDD9DF80030237598
:108B00009DF8013063759DF80230A3759DF8033020
:108B1000E3759DF804209DF8053003EB02232383C1
:108B20009DF806009DF8073003EB002080B2E0833B
:108B300000E0002002B010BD08B5037F032B05D86C
:108B4000C28B32B1184600F025FE08BD4FF0FF3051
:108B500008BD4FF0FF3008BD70B582B004460E4628
:108B60001546007F032801D800F02CFC094B009328
:108B7000736801932A466946822000F097FA2077AD
:108B8000032804D8E5810023E383012000E00020CE
:108B900002B070BD307901002DE9F04383B0074683
:108BA0000C4690461E460502274B18882430284460
:108BB000022201A980B201F0EFFB9DF804109DF89C
:108BC000053043EA012121448CB2204BB3F80090D8
:108BD00004EA09091E4B33F81700484480B21D4BC4
:108BE0001B78372B05D01C4B1B8809EB06029A42D9
:108BF00004DC3246414601F0A5F811E0C9EB030957
:108C00001FFA89F94A46414601F09CF8C9EB060271
:108C100092B208EB09010E4B33F8170001F092F8FD
:108C20003444A4B223128DF804308DF80540064B6D
:108C3000188824302844022201A980B201F082F869
:108C400003B0BDE8F08300BFBC270020C827002088
:108C5000C0270020BA270020B82700202DE9F041C6
:108C600082B080460502154B188820302844022225
:108C700001A980B201F090FB9DF804409DF80530F9
:108C800043EA04240D4F022600E0044638882030D1
:108C90002844324601A980B201F07EFB9DF8040011
:108CA0009DF8053043EA00208442EED1044B03EBEB
:108CB000C808A8F8040002B0BDE8F081BC27002075
:108CC000982700202DE9F04182B080460502144B20
:108CD000188826302844022201A980B201F05CFBEA
:108CE0009DF804409DF8053043EA04240C4F022609
:108CF00000E00446388826302844324601A980B274
:108D000001F04AFB9DF804009DF8053043EA00207D
:108D10008442EED1034B23F8380002B0BDE8F08165
:108D2000BC2700209827002008B5C0F30D02044995
:108D30000B8853400B800349034805F08DF908BDAB
:108D4000B89CFF1FB8750100C89DFF1F2DE9F04FAB
:108D500087B083468A460B4602468449844805F01C
:108D60007BF9844BDB7A2BB372B6824BDB7A13F040
:108D7000010F06D0804A10687E49CB6803408B61A2
:108D800013607C4BDB7A13F0020F06D07B4A10682D
:108D900078490B690340CB611360764BDB7A13F0A3
:108DA000040F06D0764A106872494B6903400B6283
:108DB000136062B66F4B1B68DA68B2F1605F0BD06C
:108DC000704A1A606B4B1B684FF06052DA604FF0CC
:108DD000F0421A616C4A1A6005AF3E460024DFF883
:108DE000D4914FF00108E5B20194B9F800000330C6
:108DF00000EB0420424604A980B201F0CDFA9DF8B0
:108E0000103006F8013B2BB9019A6049584805F02B
:108E100023F96AE00134042CE5D15D49544805F09A
:108E20001BF99DF814401D2C07D84FF03453E34034
:108E300013F0010F4DD1012500E001254FF0345210
:108E400017F8013F1D2B04D822FA03F313F0010F8A
:108E500042D10135EDB2042DF2D14E49444805F01E
:108E6000FBF81C2C37D09DF815301C2B0AD09DF830
:108E700016301C2B08D09DF817301C2B08BF03257B
:108E80002AD003E0012527E0022525E0394BDB7AD3
:108E9000C3B113F0010F03D0364B9A693E4B1A60F1
:108EA000344BDB7A13F0020F03D0324BDA693B4BC1
:108EB0001A60304BDB7A13F0040F03D02D4B1A6A83
:108EC000374B1A6004223749294805F0C5F80420B9
:108ED000D6E0002500E000252A463349244805F065
:108EE000BBF81021284602F0B1FAA8462A462F49BD
:108EF0001F4805F0B1F800222D4B23F815204FF440
:108F00007A63013BFDD12E022A4C2088304406A909
:108F100001F809BD012280B200F014FF2088023060
:108F2000304406A9FF2301F80A3D012280B200F077
:108F300009FFBAF1000F0ED04FEA2A238DF8103046
:108F40008DF811A0208804303044022204A980B298
:108F500000F0F8FE46E0184B1B8801339BB2B3F5D6
:108F6000404F2BD3144A13802CE000BFD87501006A
:108F7000C89DFF1F809CFF1F80E100E084E100E0AE
:108F800088E100E001401F0000001F80047601001E
:108F9000247601004076010000E100E004E100E0F9
:108FA00008E100E0607601007C7601009C7601001B
:108FB00090270020BC270020B89CFF1F4FF44042A0
:108FC000314B1A80304B1B881A128DF810208DF807
:108FD00011302E4B188804303044022204A980B28C
:108FE00000F0B0FE0121284602F030FA284C00279C
:108FF00024F83870DFF89490B9F800002830304435
:10900000022204A980B201F0C7F99DF810209DF852
:10901000113043EA022304EBC8046380A771A780E0
:10902000B9F800003044012204A980B201F0B4F97B
:1090300063889DF810201749174805F00DF8174B65
:10904000DB7AD3B113F0010F03D0144B9A69144BA0
:109050001A60124BDB7A13F0020F03D00F4BDA6960
:10906000104B1A600D4BDB7A13F0040F07D00B4B3B
:109070001A6A0D4B1A60284602E0284600E028468E
:1090800007B0BDE8F08F00BFB89CFF1FBC270020D1
:1090900098270020B8760100C89DFF1F809CFF1F05
:1090A00000E100E004E100E008E100E02DE9F04F1C
:1090B00089B0019089469246B04BDB7A2BB372B6E9
:1090C000AE4BDB7A13F0010F06D0AD4A1068AB4906
:1090D000CB6803408B611360A84BDB7A13F0020F5F
:1090E00006D0A84A1068A5490B690340CB611360FC
:1090F000A24BDB7A13F0040F06D0A34A10689F49F5
:109100004B6903400B62136062B69C4B1B68DA68C4
:10911000B2F1605F0BD09D4A1A60984B1B684FF00C
:109120006052DA604FF0F0421A61994A1A6007AF54
:109130003E460024DFF86C824FF0010B04E09DF8FE
:109140001C201D2A1DD814E0E5B2B8F80000033039
:1091500000EB04205A4604A980B201F01DF99DF8E5
:10916000103006F8013B002B41D00134042CEBD128
:10917000E5E74FF03453D34013F0010F32D101250E
:1091800000E001254FF0345217F8013F1D2B04D8A1
:1091900022FA03F313F0010F25D10135EDB2042DAE
:1091A000F2D1764BDB7A002B00F0E58013F0010F53
:1091B00003D0724B9A69774B1A60704BDB7A13F0CD
:1091C000020F03D06D4BDA69734B1A606B4BDB7A7D
:1091D00013F0040F00F0EE80684B1A6A6F4B1A60B0
:1091E0000420ECE000251021284602F02FF92F463C
:1091F00000226B4B23F815204FF47A63013BFDD11D
:109200002C02684E3088204408A99DF8043001F8EB
:10921000113D012280B200F095FD308802302044DB
:1092200008A9FF2301F8123D012280B200F08AFD57
:10923000BAF1000F0ED04FEA2A238DF810308DF8C6
:1092400011A0308804302044022204A980B200F02A
:1092500079FD1DE0544B1B8801339BB2B3F5404FA1
:1092600002D3514A138003E04FF440424E4B1A8020
:109270004D4B1B881A128DF810208DF81130494B78
:10928000188804302044022204A980B200F05AFD5C
:10929000464B1868059099F8053003F07F038DF868
:1092A000173099F806308DF8183099F807308DF896
:1092B0001930DFF8F0B0BBF800000C302044042275
:1092C00009EB020180B200F03DFD4FEA2A238DF840
:1092D00010308DF811A0BBF800001030204402229D
:1092E00004A980B200F02EFDBBF800000630204437
:1092F000062205A980B200F025FD0121284602F0D2
:10930000A5F82B4E4FF0000826F83780BBF8000078
:1093100028302044022204A980B201F03DF89DF8D3
:1093200010209DF8113043EA022206EBC7035A8051
:1093300083F80680A3F80480104BDB7A002B3BD027
:1093400013F0010F03D00D4B9A69124B1A600B4BAF
:10935000DB7A13F0020F03D0084BDA690E4B1A6068
:10936000064BDB7A13F0040F28D0044B1A6A0B4B20
:109370001A60284623E0042021E000BF809CFF1FE4
:1093800080E100E084E100E088E100E001401F00AE
:1093900000001F8000E100E004E100E008E100E0DF
:1093A00090270020BC270020B89CFF1FB07501004B
:1093B00098270020042002E0284600E0284609B053
:1093C000BDE8F08F10B52D4BDB7A2BB372B62B4B6B
:1093D000DB7A13F0010F06D0294A14682749CB68BD
:1093E00023408B611360254BDB7A13F0020F06D00C
:1093F000244A146821490B692340CB6113601F4B39
:10940000DB7A13F0040F06D01F4A14681B494B691E
:1094100023400B62136062B6184B1B68DA68B2F126
:10942000605F0BD0194A1A60144B1B684FF06052F2
:10943000DA604FF0F0421A61154A1A60102102F00A
:1094400005F80E4BDB7AC3B113F0010F03D00B4BC1
:109450009A69104B1A60094BDB7A13F0020F03D0A4
:10946000064BDA690C4B1A60044BDB7A13F0040FDD
:1094700003D0024B1A6A094B1A6010BD809CFF1F73
:1094800080E100E084E100E088E100E001401F00AD
:1094900000001F8000E100E004E100E008E100E0DE
:1094A0002DE9F04383B00446894616466E4B33F8E7
:1094B00030206E4BDB7A2BB372B66C4BDB7A13F039
:1094C000010F06D06A490D686848C3682B40836164
:1094D0000B60664BDB7A13F0020F06D065490D680E
:1094E000624803692B40C3610B60604BDB7A13F069
:1094F000040F06D060490D685C4843692B40036245
:109500000B6062B6594B1B68D968B1F1605F0BD034
:109510005A491960554B1B684FF06051D9604FF0A4
:10952000F0411961564919601546B24203DA2046E6
:10953000FFF7C8FB0546ADB9524B1888033000EB66
:109540000420012201A980B200F026FF9DF804301A
:10955000142B69D0002B67D0B3F11C0518BF4FF056
:10956000FF3561E0B542A8BF35463F4B03EBC4036E
:109570005E88AFB2444BB3F8008006EA0808434B5C
:1095800033F81400404480B2414B1B78372B05D090
:10959000404B1B8818FA85F29A4204DC3A46494649
:1095A00000F0FAFE11E0C8EB03081FFA88F8424603
:1095B000494600F0F1FEC8EB070292B209EB080140
:1095C000324B33F8140000F0E7FEF3199BB2264942
:1095D00001EBC400438031F83420D21B92B221F851
:1095E00034208179394489B2F92900D8C2B91E4A98
:1095F00002EBC402002191711A128DF804208DF83B
:109600000530204B1888283000EB0420022201A9E5
:1096100080B200F097FB4021204601F017FF03E0E5
:10962000114B03EBC404A171104BDB7AC3B113F0EF
:10963000010F03D00D4B9A69174B1A600B4BDB7A65
:1096400013F0020F03D0094BDA69144B1A60074B71
:10965000DB7A13F0040F03D0044B1A6A104B1A6024
:10966000284603B0BDE8F08398270020809CFF1FA8
:1096700080E100E084E100E088E100E001401F00BB
:1096800000001F80BC270020C8270020CC27002016
:10969000BA270020B827002000E100E004E100E044
:1096A00008E100E00346314A32F8300000285BD17F
:1096B00010B52F4AD27A2AB372B62D4AD27A12F056
:1096C000010F06D02B490C682948C26822408261EC
:1096D0000A60274AD27A12F0020F06D026490C6897
:1096E000234802692240C2610A60214AD27A12F0FC
:1096F000040F06D021490C681D48426922400262CD
:109700000A6062B61A4A1268D168B1F1605F0BD084
:109710001B491160164A12684FF06051D1604FF03A
:10972000F0411161174911601846FFF7CBFA104B51
:10973000DB7AC3B113F0010F03D00D4B9A69124BC2
:109740001A600B4BDB7A13F0020F03D0084BDA6977
:109750000E4B1A60064BDB7A13F0040F03D0044B58
:109760001A6A0B4B1A6010BD704700BF9827002083
:10977000809CFF1F80E100E084E100E088E100E0E0
:1097800001401F0000001F8000E100E004E100E054
:1097900008E100E010B582B0354BDB7A2BB372B62E
:1097A000334BDB7A13F0010F06D0324A146830498C
:1097B000CB6823408B6113602D4BDB7A13F0020FD3
:1097C00006D02D4A14682A490B692340CB611360E7
:1097D000274BDB7A13F0040F06D0284A146824497B
:1097E0004B6923400B62136062B6214B1B68DA6839
:1097F000B2F1605F0BD0224A1A601D4B1B684FF01C
:109800006052DA604FF0F0421A611E4A1A601E4B35
:1098100003EBC0035A881D4B1B881A401C4B33F8BE
:109820001030D01801220DF1070180B200F0B4FD14
:109830000F4BDB7AC3B113F0010F03D00C4B9A69C5
:10984000144B1A600A4BDB7A13F0020F03D0084B5B
:10985000DA69114B1A60064BDB7A13F0040F03D060
:10986000034B1A6A0D4B1A609DF8070002B010BD39
:10987000809CFF1F80E100E084E100E088E100E0DF
:1098800001401F0000001F8098270020C8270020EB
:10989000CC27002000E100E004E100E008E100E066
:1098A000F8B505460E4617461C46334BDB7A2BB3FC
:1098B00072B6314BDB7A13F0010F06D02F4A1068D5
:1098C0002D49CB6803408B6113602B4BDB7A13F07F
:1098D000020F06D02A4A106827490B690340CB6162
:1098E0001360254BDB7A13F0040F06D0254A10686D
:1098F00021494B6903400B62136062B61E4B1B6823
:10990000DA68B2F1605F0BD01F4A1A601A4B1B680D
:109910004FF06052DA604FF0F0421A611B4A1A6051
:109920002846FFF79BF9A04228BF204684B2234671
:109930003A4631462846FFF72FF90F4BDB7AC3B181
:1099400013F0010F03D00C4B9A69114B1A600A4BAC
:10995000DB7A13F0020F03D0074BDA690D4B1A6064
:10996000054BDB7A13F0040F03D0034B1A6A0A4B42
:109970001A602046F8BD00BF809CFF1F80E100E018
:1099800084E100E088E100E001401F0000001F804A
:1099900000E100E004E100E008E100E00B7833B909
:1099A0004B7823B98B7813B9CB78002B73D0002A6E
:1099B00073D070B582B03C4BDB7A2BB372B63A4BA6
:1099C000DB7A13F0010F06D0384C2668364DEB6871
:1099D0003340AB612360344BDB7A13F0020F06D0C7
:1099E000334C2668304D2B693340EB6123602E4B9E
:1099F000DB7A13F0040F06D02E4C26682A4D6B69D3
:109A000033402B62236062B6274B1B68DC68B4F1DD
:109A1000605F0BD0284C1C60234B1B684FF06054D8
:109A2000DC604FF0F0441C61244C1C6014460502BD
:109A3000234E30880C302844042280B200F082F992
:109A400023128DF804308DF80540308810302844FA
:109A5000022201A980B200F075F9134BDB7AF3B151
:109A600013F0010F03D0104B9A69164B1A600E4B7E
:109A7000DB7A13F0020F03D00B4BDA69124B1A603A
:109A8000094BDB7A13F0040F0BD0074B1A6A0F4B0C
:109A90001A60012006E00020704700207047012076
:109AA00000E0012002B070BD809CFF1F80E100E05B
:109AB00084E100E088E100E001401F0000001F8019
:109AC000BC27002000E100E004E100E008E100E044
:109AD0002DE9F04782B00446904BDB7A2BB372B687
:109AE0008E4BDB7A13F0010F06D08D4A10688B493C
:109AF000CB6803408B611360884BDB7A13F0020F55
:109B000006D0884A106885490B690340CB61136011
:109B1000824BDB7A13F0040F06D0834A10687F492A
:109B20004B6903400B62136062B67C4B1B68DA68BA
:109B3000B2F1605F0BD07D4A1A60784B1B684FF022
:109B40006052DA604FF0F0421A61794A1A602021BF
:109B5000204601F07BFC2402764D774EDFF8E0A131
:109B6000DFF8C491DFF8BC816D4F288802302044B3
:109B700001220DF1070180B200F00EFC9DF80730C4
:109B800013F0100F40F09680288802302044012204
:109B90000DF1070180B200F0FFFB9DF8073013F0D4
:109BA000080F2CD0634B18880230204402A91823D8
:109BB00001F8023D012280B200F0C4F8574BDB7A75
:109BC000002B00F0A18013F0010F03D0534B9A69D2
:109BD0005A4B1A60514BDB7A13F0020F03D04F4BF4
:109BE000DA69574B1A604D4BDB7A13F0040F00F023
:109BF0008D804A4B1A6A504B1A6000208BE0474B0D
:109C0000DB7ABBB113F0010F03D0444B9A694B4B85
:109C10001A60424BDB7A13F0020F03D03F4BDB6933
:109C2000CAF800303D4BDB7A13F0040F02D03B4BF7
:109C30001B6A336004F0D8FA384BDB7A33B372B660
:109C4000364BDB7A13F0010F05D03968334AD368FD
:109C50000B4093613B60314BDB7A13F0020F07D06E
:109C6000D8F800102D4A13690B40D361C8F80030B2
:109C70002A4BDB7A13F0040F07D0D9F80010274ADB
:109C800053690B401362C9F8003062B6234B1B685E
:109C9000DA68B2F1605F3FF468AF244A1A601F4B84
:109CA0001B684FF06052DA604FF0F0421A61204AB0
:109CB0001A605AE71F4B18880230204402A910236B
:109CC00001F8013D012280B200F03CF8134BDB7A31
:109CD000F3B113F0010F03D0104B9A69174B1A60C0
:109CE0000E4BDB7A13F0020F03D00C4BDA69144BE6
:109CF0001A600A4BDB7A13F0040F0BD0074B1A6A79
:109D00000D4B1A60012006E0002004E0002002E074
:109D1000012000E0012002B0BDE8F087809CFF1F19
:109D200080E100E084E100E088E100E001401F0004
:109D300000001F80BC27002008E100E000E100E0F7
:109D400004E100E02DE9F04FA84B1B78332B66D1DE
:109D5000002A00F018830C468D18A54FA54BA64E7F
:109D60004FF0000C4FF0805E4FF0010881464FEA43
:109D7000202B4BF4704B39784FEA014A59B14AF025
:109D800010414BEA01015963D96A01F47041B1F500
:109D9000405FF9D8CFE2316881F800C0C3F82CE009
:109DA0004BF080515963D96A01F47041B1F5405FBD
:109DB000F9D8217841EA092939784FEA014A69B18D
:109DC0001FFA89F949EA0A0A4AF080515963D96AA7
:109DD00001F47041B1F5405FF9D810E0316881F8C5
:109DE00000C0C3F82CE01FFA89F949F0C05159634B
:109DF000D96A11F0805FFBD0316881F800800130B2
:109E000080B2D96A11F0F00FFBD0996BD96A11F0CA
:109E1000F00FFBD0996B0134AC42A7D1B3E2342BE5
:109E200040F0A280754C734B1C60714B1B781C0476
:109E300063B144F0104318436E4B58631846C36A2D
:109E400003F47043B3F5405FF9D878E26A4B1B68BE
:109E500000241C70674B4FF08054DC622043586331
:109E60001846C36A03F47043B3F5405FF9D86FEA4C
:109E700042436FEA53439BB25D480078040458B1F3
:109E8000234343F010435B484363C36A03F47043C6
:109E9000B3F5405FF9D80FE057480068002404701C
:109EA00054484FF08054C46223434363C36A03F4AD
:109EB0007043B3F5405FF9D81646002A45D04C1ED2
:109EC00000204B4D4C4F84464A4B4FF0805E4FF084
:109ED000010814F801AF013029784FEA014981B136
:109EE0004AEA0909B04234BF4FF00041002149EA73
:109EF00001015963D96A01F47041B1F5405FF9D8A5
:109F00001CE0396881F800C0C3F82CE0B0422CBFD7
:109F10004FF0006100214AEA01015963B04206D2C4
:109F2000D96A01F47041B1F5405FF9D806E0D96A09
:109F300011F0805FFBD0396881F80080D96A11F098
:109F4000F00FFBD0996BB042C3D12A49CB6A13F012
:109F5000F00FFBD0274B9B6B2649CB6A13F0F00F19
:109F6000FBD0244B9B6B0EE2214B1C7825045CB18B
:109F700045F0104303431F4C6363E36A03F47043EB
:109F8000B3F5405FF9D8EAE11B4B1B6800241C7055
:109F9000184B4FF08054DC6204435C631C46E36A58
:109FA00003F47043B3F5405FF9D8FF284DD801F1B1
:109FB000010C0B7843F480630D4909780D04F9B165
:109FC000012A94BF002101212B43002918BF4FF023
:109FD000004143F080530B4306494B63CB6A03F4C3
:109FE0007043B3F5405FF9D800E100BFBA27002005
:109FF000102A002000C002400C2A0020000C1F8004
:10A00000AC490968002008704FF08050AA49C86226
:10A01000012A8CBF00214FF0006143EA000343EAAC
:10A020000103A5494B6306D9CB6A03F47043B3F52A
:10A03000405FF9D8DAE0A049CB6A13F0805FFBD02B
:10A040009C4B1B6801211970D0E010F4004F43D1E4
:10A0500001F1010C400100F460400B7843F44063CF
:10A06000034396490878010488B141F08051012AE0
:10A070008CBF4FF0004000200B4303438E494B63DD
:10A08000CB6A03F47043B3F5405FF9D8AEE0894979
:10A090000968002008704FF080508749C862012A83
:10A0A0008CBF00214FF0006143EA000343EA010343
:10A0B00081494B6306D9CB6A03F47043B3F5405F23
:10A0C000F9D893E07C49CB6A13F0805FFBD0794BE1
:10A0D0001B680121197089E0B0F5404F43D201F1AE
:10A0E000010C800000F460400B7843F4A05303435C
:10A0F00072490878010488B141F08051012A8CBF6F
:10A100004FF0004000200B4303436B494B63CB6A85
:10A1100003F47043B3F5405FF9D867E06549096817
:10A12000002008704FF080506349C862012A8CBF3C
:10A1300000214FF0006143EA000343EA01035E4956
:10A140004B6306D9CB6A03F47043B3F5405FF9D88B
:10A150004CE0594BD96A11F0805FFBD0554B1B681E
:10A160000121197042E001F1010C800000F460400F
:10A170000B7843F4E053034350490878010488B155
:10A1800041F08051012A8CBF4FF0004000200B436A
:10A19000034349494B63CB6A03F47043B3F5405F13
:10A1A000F9D823E043490968002008704FF0805037
:10A1B0004149C862012A8CBF00214FF0006143EA87
:10A1C000000343EA01033C494B6306D9CB6A03F41D
:10A1D0007043B3F5405FF9D808E0374BD96A11F006
:10A1E000805FFBD0334B1B6801211970541EA4B251
:10A1F000012C65D90CF1020530482E4E4FF0000EAF
:10A200002D4B4FF080574FF00108023CA4B215F8D7
:10A21000029C15F8011C41EA092990F800A04FEAB8
:10A220000A41BAF1000F13D041F08051002C14BF45
:10A230004FF0004A4FF0000A49EA010949EA0A01D1
:10A240005963D96A01F47041B1F5405FF9D81CE057
:10A25000316881F800E0DF62002C14BF00214FF06C
:10A26000006149F0805949EA0101596334B1D96A62
:10A2700001F47041B1F5405FF9D806E0D96A11F0F8
:10A28000805FFBD0316881F80080D96A11F0F00F4F
:10A29000FBD0996B0235012CB7D8D31E9BB259085D
:10A2A000C1EBC13203EB42039AB201310CEB410C1A
:10A2B00007E000BF0C2A002000C00240102A002046
:10A2C00022464AB39CF8003030490978080449B165
:10A2D00003432F494B63CB6A03F47043B3F5405FEC
:10A2E000F9D812E02B4909680020087028494FF07E
:10A2F0008050C86243F000634B63CB6A13F0805F09
:10A30000FBD0244B1B68012119702149CB6A13F043
:10A31000F00FFBD01E4B9B6B1D49CB6A13F0F00F67
:10A32000FBD01B4B9B6B1A49CB6A13F0F00FFBD091
:10A33000174B9B6B27E0217841EA092940E56FEA3A
:10A3400042436FEA53439BB29AE501F1010C0B784B
:10A3500043F48063012A94BF0021012134E6FF28E1
:10A36000F3D90CE001F1010C400100F460400B78DE
:10A3700043F44063034305490978090475E610F482
:10A38000004FEFD0A8E61046BDE8F08F102A00205D
:10A3900000C002400C2A00202DE9F04F9246A34B4A
:10A3A0001B78332B40F082809646002A00F02785E8
:10A3B0004A1E00249E4D9F4EA4469F4B4FF080574F
:10A3C0004FF0010800EB04091FFA89F995F800B075
:10A3D0004FEA0B41BBF1000F0BD041F0004141F0BF
:10A3E0000F015963D96A01F47041B1F5405FF9D8A2
:10A3F0000BE0316881F800C0DF620F215963D96A30
:10A4000001F47041B1F5405FF9D895F800B04FEA1A
:10A410000B41BBF1000F0BD041F0104141EA0901A3
:10A420005963D96A01F47041B1F5405FF9D80CE085
:10A43000316881F800C0DF6249F080515963D96A00
:10A4400001F47041B1F5405FF9D8D96A11F0F00F0D
:10A45000FBD0996B29784FEA014941B1C3F8349098
:10A46000D96A01F47041B1F5405FF9D80DE0316867
:10A4700081F800C0DF624FF000615963D96A11F0C2
:10A48000805FFBD0316881F80080D96A11F0F00F4D
:10A49000FBD0996BD96A11F0F00FFBD0996B02F8E1
:10A4A000011F0134A6458DD100F0A9BC342B40F02A
:10A4B000D481624A604B1A605D4B1B781C046BB1FF
:10A4C00044F0104318435C4B58631A46D36A03F4B4
:10A4D0007043B3F5405FF9D800F077BC554B1B686B
:10A4E00000221A70544B4FF08052DA6210435863C6
:10A4F0001A46D36A03F47043B3F5405FF9D8CAF340
:10A500000E034B4A127814045AB1234343F010430C
:10A51000494A5363D36A03F47043B3F5405FF9D8F3
:10A520000FE0444A126800201070434A4FF08050F8
:10A53000D06203435363D36A03F47043B3F5405FBF
:10A54000F9D83D4AD36A13F0F00FFBD03A4B9B6B1E
:10A55000BAF1010F32D1364B1B781A044BB1364B8E
:10A560005A631A46D36A03F47043B3F5405FF9D8CF
:10A5700013E0304B1B6800221A702F4B4FF08052B3
:10A58000DA624FF000625A631A46D36A13F0805FB2
:10A59000FBD0284B1B6801221A70274AD36A13F09C
:10A5A000F00FFBD0244B9B6B234AD36A13F0F00FC0
:10A5B000FBD0214B9B6B0B7000F021BCBAF1020F5A
:10A5C0003ED11B4B1A78130452B143F080531A4A00
:10A5D0005363D36A03F47043B3F5405FF9D813E0D3
:10A5E000144B1B6800221A70134B4FF08052DA6232
:10A5F0004FF0C0525A631A46D36A13F0805FFBD003
:10A600000C4B1B6801221A700B4AD36A13F0F00F2F
:10A61000FBD0094B9B6B084AD36A13F0F00FFBD0B9
:10A62000054B9B6B1A0A0A704B70E8E3BA270020AF
:10A63000102A00200C2A002000C00240000C1F80BD
:10A640001AF0010F00F089804FEA5A0CAE4B1A78CD
:10A65000130452B143F01043AC4A5363D36A03F47A
:10A660007043B3F5405FF9D80FE0A94B1B68002297
:10A670001A70A64B4FF08052DA625A631A46D36AB8
:10A6800003F47043B3F5405FF9D8A04AD36A13F0DE
:10A69000F00FFBD09D4B9B6B881C62469A4D9C4FE4
:10A6A0004FF0000E994B4FF080544FF000684FF080
:10A6B0000109012A19D92E784FEA064B4EB14BF009
:10A6C00010465E63DE6A06F47046B6F5405FF9D860
:10A6D00025E03E6886F800E0DC625C63DE6A06F432
:10A6E0007046B6F5405FF9D819E02E784FEA064B70
:10A6F00046B1C3F834B0DE6A06F47046B6F5405F82
:10A70000F9D80CE03E6886F800E0DC62C3F83480DB
:10A71000DE6A16F0805FFBD03E6886F80090DE6A45
:10A7200016F0F00FFBD09E6B4FEA162B00F802BC20
:10A7300000F8016C0230013ABBD10CF1004C0CF175
:10A74000FF3C01EB4C0C7148C36A13F0F00FFBD0D7
:10A750006E4B9B6B8CF8023051E34FEA5A0B0BF1B6
:10A76000FF30694B1A78130452B143F01043674A23
:10A770005363D36A03F47043B3F5405FF9D80FE035
:10A78000634B1B6800221A70604B4FF08052DA62F4
:10A790005A631A46D36A03F47043B3F5405FF9D89D
:10A7A0005A4AD36A13F0F00FFBD0584B9B6B8C1CAA
:10A7B000554D574E4FF0000C544B4FF0805E4FF00C
:10A7C00001082A7817047AB101288CBF4FF00042A3
:10A7D000002247F0805717435F63DA6A02F4704241
:10A7E000B2F5405FF9D81BE0326882F800C0C3F8C8
:10A7F0002CE0012894BF4FF0C0524FF080525A63B2
:10A80000012806D9DA6A02F47042B2F5405FF9D83D
:10A8100006E0DA6A12F0805FFBD0326882F80080CE
:10A82000DA6A12F0F00FFBD09A6B170A04F8027C78
:10A8300004F8012C02340138C3D10BF10047023F68
:10A8400001EB47073148C36A13F0F00FFBD02F4BE1
:10A850009B6B1A0ABA70FB70D1E22B4B1B781C045D
:10A860005BB144F010430343284A5363D36A03F4B3
:10A870007043B3F5405FF9D8B1E2254B1B68002265
:10A880001A70224B4FF08052DA6202435A631A4622
:10A89000D36A03F47043B3F5405FF9D8FF2843D877
:10A8A000194B1B781C04ABB1BAF1010F94BF002304
:10A8B0000123002B18BF4FF0004344F080541C4389
:10A8C000124B5C631A46D36A03F47043B3F5405FDE
:10A8D000F9D8F4E00E4B1B6800221A704FF080523A
:10A8E0000A4BDA62BAF1010F98BF4FF0C0525A63B7
:10A8F000BAF1010F0ED91A46D36A03F47043B3F5C7
:10A90000405FF9D8DBE000BF102A002000C0024001
:10A910000C2A0020A84AD36A13F0805FFBD0A74B13
:10A920001B6801221A70CAE010F4004F41D14301A4
:10A9300003F4604343F40063A14A1078020490B129
:10A9400042F08052BAF1010F8CBF4FF0004000205E
:10A9500013430343984A5363D36A03F47043B3F534
:10A96000405FF9D8ABE0954A1268002010704FF0B4
:10A970008050914AD062BAF1010F8CBF00224FF093
:10A98000006243EA000343EA02038B4A536306D999
:10A99000D36A03F47043B3F5405FF9D88FE0864A79
:10A9A000D36A13F0805FFBD0844B1B6801221A70BE
:10A9B00085E0B0F5404F41D2830003F4604343F497
:10A9C00080537F4A1078020490B142F08052BAF16D
:10A9D000010F8CBF4FF00040002013430343764A21
:10A9E0005363D36A03F47043B3F5405FF9D866E06C
:10A9F000724A1268002010704FF080506E4AD06288
:10AA0000BAF1010F8CBF00224FF0006243EA00034D
:10AA100043EA0203684A536306D9D36A03F47043D6
:10AA2000B3F5405FF9D84AE0634AD36A13F0805F18
:10AA3000FBD0624B1B6801221A7040E0830003F4D4
:10AA4000604343F4C0535E4A1078020490B142F070
:10AA50008052BAF1010F8CBF4FF000400020134329
:10AA60000343554A5363D36A03F47043B3F5405F1D
:10AA7000F9D824E0514A1268002010704FF080503D
:10AA80004D4AD062BAF1010F8CBF00224FF0006234
:10AA900043EA000343EA0203474A536306D9D36AF1
:10AAA00003F47043B3F5405FF9D808E0424AD36A33
:10AAB00013F0805FFBD0414B1B6801221A703E4AA5
:10AAC000D36A13F0F00FFBD03B4B9B6BBAF1010F35
:10AAD00008D8394AD36A13F0F00FFBD0364B9B6B82
:10AAE0000B708CE1BAF1020F32D1354B1B781A048E
:10AAF0004BB1314B5A631A46D36A03F47043B3F532
:10AB0000405FF9D813E02D4B1B6800221A702A4BC6
:10AB10004FF08052DA624FF000625A631A46D36AED
:10AB200013F0805FFBD0254B1B6801221A70224A6C
:10AB3000D36A13F0F00FFBD01F4B9B6B0B701E4AB8
:10AB4000D36A13F0F00FFBD01B4B9B6B4B7056E19D
:10AB50001AF0010F00F0A7804FEA6A06184B1B7825
:10AB60001A048BB1012E8CBF4FF00043002342F03A
:10AB700080521A43104B5A631A46D36A03F4704347
:10AB8000B3F5405FF9D826E00C4B1B6800221A7021
:10AB90004FF08052084BDA62012E98BF4FF0C0523E
:10ABA0005A63012E0ED91A46D36A03F47043B3F5E3
:10ABB000405FF9D80FE000BF00C002400C2A00201F
:10ABC000102A00208F4AD36A13F0805FFBD08E4B8F
:10ABD0001B6801221A7001F1010C8A4AD36A13F032
:10ABE000F00FFBD0874B9B6B0B70012E4ED9CA1C0C
:10ABF00034468649844D4FF0000E824B4FF080570B
:10AC00004FF00108013C08784FEA004980B1012C5F
:10AC10008CBF4FF00040002049F0805949EA000005
:10AC20005863D86A00F47040B0F5405FF9D81AE074
:10AC3000286880F800E0DF62012C94BF4FF0C0501C
:10AC40004FF080505863012C06D9D86A00F4704048
:10AC5000B0F5405FF9D806E0D86A10F0805FFBD00D
:10AC6000286880F80080D86A10F0F00FFBD0986B4D
:10AC70004FEA102902F8029C02F8010C0232012C62
:10AC8000C0D106F10046013E0CEB460C5D4AD36A8A
:10AC900013F0F00FFBD05B4B9B6B1A0A8CF8002073
:10ACA0008CF80130ABE0594B1B781A045BB142F0D1
:10ACB0001042544B5A631A46D36A03F47043B3F5F7
:10ACC000405FF9D80FE0504B1B6800221A704D4BC3
:10ACD0004FF08052DA625A631A46D36A03F4704323
:10ACE000B3F5405FF9D801F10109464AD36A13F080
:10ACF000F00FFBD0434B9B6B0B704FEA6A06012EA3
:10AD000059D9CA1C314641483F4C4FF0000E3D4BCB
:10AD10004FF080574FF000684FF0010C01390129C6
:10AD20001CD990F800B04FEA0B45BBF1000F09D0D9
:10AD300045F010455D63DD6A05F47045B5F5405F8B
:10AD4000F9D825E0256885F800E0DF625F63DD6AF9
:10AD500005F47045B5F5405FF9D819E005784FEA7C
:10AD6000054B45B1C3F834B0DD6A05F47045B5F55F
:10AD7000405FF9D80CE0256885F800E0DF62C3F891
:10AD80003480DD6A15F0805FFBD0256885F800C04F
:10AD9000DD6A15F0F00FFBD09D6B4FEA152B02F822
:10ADA00002BC02F8015C02320129B7D106F100466B
:10ADB000013E09EB4609134AD36A13F0F00FFBD0AA
:10ADC000104B9B6B89F8003019E0CAF30E03FFF7B4
:10ADD0009CBBBAF1010F94BF0023012369E5FF2852
:10ADE00009D8F6E7430103F4604343F40063074ADC
:10ADF00012781204A4E510F4004FF3D0D9E55046C0
:10AE0000BDE8F08F00C002400C2A0020102A00206C
:10AE100070B582B002A9802301F8023D0122002012
:10AE2000FEF790FF1424012500262A460DF10701A4
:10AE30003046FFF7B1FA9DF8073043B1284600F0DD
:10AE40000DFE013CA4B2002CEFD1002000E0012057
:10AE500002B070BD10B582B03322224B1A70FFF7DA
:10AE6000D7FF0346D0B302A9102301F8043D012205
:10AE70000020FEF767FF01220DF107010020FFF718
:10AE80008BFA9DF80730102B25D102A9122301F867
:10AE9000033D01220020FEF755FF01220DF10701BD
:10AEA0000020FFF779FA9DF80730122B15D1002406
:10AEB00002A901F8014D01222046FEF743FF0122BD
:10AEC0000DF106012046FFF767FA9DF80630B3FA48
:10AED00083F35B0902E0002300E00023184602B080
:10AEE00010BD00BFBA27002010B582B03422284B15
:10AEF0001A70FFF78DFF0346002846D002A90823E9
:10AF000001F8043D01220020FEF71CFF01220DF193
:10AF100007010020FFF740FA9DF80730082B2FD1DA
:10AF200002A9102301F8033D01220020FEF70AFFC9
:10AF300001220DF107010020FFF72EFA9DF80730DE
:10AF4000102B1FD1002402A901F8024D0122204636
:10AF5000FEF7F8FE01220DF107012046FFF71CFA6B
:10AF60009DF8073083B901220DF107011F20FFF77B
:10AF700013FA9DF80730032B14BF0023012304E0CC
:10AF8000002302E0002300E00023184602B010BDB9
:10AF9000BA27002010B582B03722284B1A70FFF76D
:10AFA00037FF0346002846D002A9082301F8043DD4
:10AFB00001220020FEF7C6FE01220DF1070100204C
:10AFC000FFF7EAF99DF80730082B2FD102A91023CB
:10AFD00001F8033D01220020FEF7B4FE01220DF12D
:10AFE00007010020FFF7D8F99DF80730102B1FD17B
:10AFF000002402A901F8024D01222046FEF7A2FE1C
:10B0000001220DF107012046FFF7C6F99DF8073030
:10B0100083B901220DF107013920FFF7BDF99DF831
:10B020000730042B14BF0023012304E0002302E0B7
:10B03000002300E00023184602B010BDBA2700200C
:10B04000F0B583B04FF40C7000F008FD9748FAF7A4
:10B0500087FC974B1878974A136843F48053136022
:10B06000954B964A1A604FF06052DA604FF0F0420A
:10B070001A610A2807D14FF4007203F5F833103330
:10B080001A6001224BE0022805D14FF400728C4B6C
:10B090001A60012243E0092805D14FF40072894B60
:10B0A0001A6002223BE0062805D14FF40072864B5D
:10B0B0001A60022233E0142805D14FF40072834B4A
:10B0C0001A6004222BE0172805D14FF40072804B40
:10B0D0001A60042223E0152805D14FF400727D4B3D
:10B0E0001A6008221BE0162805D14FF400727A4B33
:10B0F0001A60082213E00F2805D14FF40072774B35
:10B100001A6010220BE0764C764B53F830302360F7
:10B11000012100F0BFFB236801221A700022724B4C
:10B120001A70724A644B1A60714B1B7813F0010F4E
:10B1300007BF4FF410726F4B4FF400726E4B1A60E2
:10B140006B4B1B7813F0020F4FF400720CBF6B4B6C
:10B150006B4B1A60664B1B7813F0040F07BF4FF45C
:10B160001072684B4FF40072674B1A604F4BDB7ADA
:10B170002BB372B64D4BDB7A13F0010F06D0634A46
:10B1800010684A49CB6803408B611360474BDB7AF8
:10B1900013F0020F06D05E4A106844490B69034061
:10B1A000CB611360414BDB7A13F0040F06D0594A90
:10B1B00010683E494B6903400B62136062B63B4B1B
:10B1C0001B68DA68B2F1605F0BD0534A1A60374BE4
:10B1D0001B684FF06052DA604FF0F0421A614F4A3C
:10B1E0001A60FFF781FE00284BD04FF480424C4B91
:10B1F0001A804FF400624B4B1A8040F2FF724A4BA8
:10B200001A800024464F474E012538881E302044BE
:10B2100033889B1202A901F8053D2A4680B2FEF749
:10B2200091FD38881F30204433889B1202A901F811
:10B23000063D2A4680B2FEF785FD04F58074A4B26F
:10B24000B4F5806FE1D1364F0026012538881E30D5
:10B25000204402A901F8036D2A4680B2FEF772FD70
:10B2600038881F30204402A901F8046D2A4680B2B4
:10B27000FEF768FD04F58074A4B2B4F5006FE5D163
:10B280009CE0FFF787FE002850D04FF48052244BFB
:10B290001A804FF40062234B1A8040F2FF72224B57
:10B2A0001A804FF440404FF400448BE0809CFF1F15
:10B2B000BA9CFF1F3C80044000C0024001401F8038
:10B2C00000C004400CB0044010C0044014C004404E
:10B2D00008B0044018C0044004B0044000B004406A
:10B2E0000C2A002058770100102A0020000C1F8033
:10B2F000082A002018B0044008C004401CB00440D4
:10B300000CC0044014B0044004C0044080E100E0DC
:10B3100084E100E088E100E001401F0000001F80A0
:10B32000BC270020B8270020C8270020FFF792FD87
:10B330000346F8B14FF480623A4B1A804FF4006232
:10B34000394B1A8040F2FF72384B1A80552402A9FB
:10B3500001F8014D01221B20FEF7F4FC02A901F8BF
:10B36000024D01221A20FEF7EDFC4FF4C0404FF4CD
:10B37000804427E000212E4A11702E4AD07A0028FE
:10B380004ED010F0010F02D091692B4A1160294A6A
:10B39000D27A12F0020F03D0264AD169274A1160EF
:10B3A000244AD27A02F0040202F0FF00002A37D0C9
:10B3B000204A116A224A1160184631E04FF4404099
:10B3C0004FF400441B4BDB7AC3B113F0010F03D0E1
:10B3D000184B9A69184B1A60164BDB7A13F0020F60
:10B3E00003D0144BDA69154B1A60124BDB7A13F059
:10B3F000040F03D00F4B1A6A114B1A600A4B1E88B8
:10B40000104A114902F108052346041B22F8023BA9
:10B41000181921F8020B33449BB2AA42F6D101203D
:10B4200003B0F0BDBC270020B8270020C8270020AB
:10B43000BA270020809CFF1F00E100E004E100E04B
:10B4400008E100E0C0270020CC27002070B582B0C2
:10B4500004020E4B18880130204402AB03F8021D91
:10B460000122194680B2FEF76DFC084E0125308896
:10B47000013020442A460DF1070180B2FEF78CFF0F
:10B480009DF80730002BF2D102B070BDBC27002020
:10B4900072B60A4B70221A704121094A11700F21AD
:10B4A000013A117080221A701A46137813F0800F37
:10B4B000FBD0044B186862B6704700BF0000024022
:10B4C000070002400800024010B50446FFF7E0FF05
:10B4D000030E2370030C6370030AA370E07010BDA9
:10B4E00010B582B0044601A8FFF7EEFF04232370D5
:10B4F000E9236370E523A3709DF80530E3709DF8A0
:10B50000063023719DF80730637102B010BD00BF93
:10B51000844641EA000313F003036DD1403A41D35E
:10B5200051F8043B40F8043B51F8043B40F8043B1D
:10B5300051F8043B40F8043B51F8043B40F8043B0D
:10B5400051F8043B40F8043B51F8043B40F8043BFD
:10B5500051F8043B40F8043B51F8043B40F8043BED
:10B5600051F8043B40F8043B51F8043B40F8043BDD
:10B5700051F8043B40F8043B51F8043B40F8043BCD
:10B5800051F8043B40F8043B51F8043B40F8043BBD
:10B5900051F8043B40F8043B51F8043B40F8043BAD
:10B5A000403ABDD2303211D351F8043B40F8043B4D
:10B5B00051F8043B40F8043B51F8043B40F8043B8D
:10B5C00051F8043B40F8043B103AEDD20C3205D35D
:10B5D00051F8043B40F8043B043AF9D2043208D055
:10B5E000D2071CBF11F8013B00F8013B01D30B88C7
:10B5F00003806046704700BF082A13D38B078DD0A5
:10B6000010F003038AD0C3F10403D21ADB071CBF76
:10B6100011F8013B00F8013B80D331F8023B20F8E0
:10B62000023B7BE7043AD9D3013A11F8013B00F819
:10B63000013BF9D20B7803704B7843708B788370A1
:10B640006046704708B50D4C236813F4802F01D075
:10B6500001F0CEFA236813F4806F01D000F0A0FD52
:10B66000236813F4006F01D001F054F9236813F438
:10B67000805FE9D002F0A2FEE6E700BF348004401C
:10B6800008B5FFF7DFFF00BF1022014B1A8070479B
:10B6900000200540704700BF08B50B4B1B6880B108
:10B6A0006A461818A2F58052904206D303F000FCB7
:10B6B0000C2303604FF0FF3008BD034A10601846AA
:10B6C00008BD184608BD00BFBC9CFF1FFEE700BFB9
:10B6D0000078B0FA80F04009704700BF0123037082
:10B6E000704700BFEFF31383ABB9EFF31083ABB92F
:10B6F000EFF3058323B10F2B05D9094A985C03E0CA
:10B700004FF4807000E00020EFF311833BB19842CA
:10B7100028BF184670474FF0FF3070470020704731
:10B72000F0E300E0F0B44D1E2E460024B0FBF2F32F
:10B7300002FB13032746092B94BF30333733DBB2A8
:10B7400006F8013FB0FBF2F008B10134EEE70B1947
:10B7500000225A7094420BDD1A46002315F8010F9F
:10B7600014782C7002F801090133F81A8342F5DBD2
:10B770000846F0BC704700BF704700BF1D4B03EB8D
:10B78000C000436803F14042A2F592227C2A18D9F6
:10B7900003F14042A2F594227C2A14D903F14042DD
:10B7A000A2F596227C2A10D903F14042A2F59822F4
:10B7B0007C2A0CD903F14042A2F59A227C2A08D9AE
:10B7C00070470D4906E00D4904E00D4902E00D49BE
:10B7D00000E00D4972B61A6822F0877222F48032B6
:10B7E00042F080721A60C3F38403084A41F82320B0
:10B7F00062B6704758770100C09CFF1FF89CFF1F7E
:10B80000489DFF1F789DFF1F989DFF1F79B700007F
:10B81000044B00221A6004490A60044A1060102296
:10B820001A60704714D0034004D0034000D0034096
:10B8300021281ED80F4B53F8303093F8802212F095
:10B84000FF0F08D019B1012283F880207047012230
:10B8500083F800217047074B03EBC000436821B118
:10B860001A6842F003021A6070471A6822F0020256
:10B870001A60704758770100212806D8044B53F806
:10B88000303093F80002C0B270470020704700BF0C
:10B890005877010021283AD81D4B03EBC0035B68A1
:10B8A000012919D0042925D0194A52F83020002046
:10B8B00082F8800219B94FF480721A607047022929
:10B8C00003D140F203121A60704703290CBF4FF4F2
:10B8D000817200221A6070470D4A52F8302001210F
:10B8E00082F880124FF4A2721A601A6822F02002C5
:10B8F0001A607047064A52F83020012182F88012FF
:10B900004FF4A2721A601A6842F020021A6070475F
:10B910005877010070B5212862D8042A60D8DFE882
:10B9200002F0070905030B00092606E00A2604E0D9
:10B93000082602E00C2600E00B260D463604294BB3
:10B9400003EBC0035C68236813F4E06F02D10021AD
:10B95000FFF7A0FF244B254AC3F89C21244AC3F8D3
:10B96000A021244AC3F8A421234AC3F8A821234ACA
:10B97000C3F8AC2104F14043A3F592237C2B18D9E2
:10B9800004F14043A3F594237C2B14D904F14043E4
:10B99000A3F596237C2B10D904F14043A3F59823FB
:10B9A0007C2B0CD904F14043A3F59A237C2B08D9B6
:10B9B00070BD134906E0134904E0134902E013493E
:10B9C00000E0134972B6236823F4702343F08072B9
:10B9D0002360C4F3840341F823501643266062B603
:10B9E00070BD00BF587701000082FF1FD187FF1F85
:10B9F000A587FF1F7987FF1F4D87FF1F2187FF1F27
:10BA0000C09CFF1FF89CFF1F489DFF1F789DFF1FD4
:10BA1000989DFF1F72B60D4B1B680D4A10680D4AAA
:10BA2000126862B612F0806F02D0322B88BF0130EC
:10BA3000C3F53B437F33084AA2FB03234FF47A72DA
:10BA400002FB00F000EB5310704700BF18E000E06D
:10BA5000D427002004ED00E0ABAAAAAA38B5054619
:10BA6000FFF7D8FF044625B938BD013D0AD004F5DB
:10BA70007A74FFF7CFFF001BB0F57A7FF5D202F0A2
:10BA8000B3FBF6E738BD00BF10B5274B4FF40002FB
:10BA90001A604FF080721A604FF000721A604FF017
:10BAA00080621A604FF000621A6000201F4B18601D
:10BAB0004BF6FF710433196028231D4A13600832C6
:10BAC00013600832136008321360083213600832C2
:10BAD000136008321360083213600922154C22608B
:10BAE00004F580540434206004342160043423605D
:10BAF00008342360143C226004F5FE2404342060E2
:10BB00000D4801600D490B6008310B600C4B1A6049
:10BB100002F0BAFB1920FFF7A1FF01F0D3FD40F2BC
:10BB20001310FFF79BFF10BD08E100E00480034005
:10BB30000C8003400080034008800B400C800B40C9
:10BB400000800B40264A136843F48063136000238F
:10BB5000244A1370244A1370244A1370244A137021
:10BB6000244A1370244B1B7813B1152B05D008E021
:10BB700040F21332214B1A6003E040F21332204BA3
:10BB80001A60204B1B78012B02D0052B05D008E052
:10BB90004FF451721C4B1A6003E04FF451721B4B6F
:10BBA0001A601F2898BF2020C0F34432184B1A7027
:10BBB000C0F347125A7000F01F00987204229A7066
:10BBC0000221D9745A7588221A743C22DA704022F4
:10BBD000104B1A704FF40052A3F229331A607047C9
:10BBE0003480044064280020DD2700206C280020D9
:10BBF00065280020DC2700202028002040A00440E9
:10BC000018C00440A09DFF1F44A004401CC0044075
:10BC100000A006402DE400E0154B9B7803F0EC02F9
:10BC200000F00303134310F0040F18BF43F0100398
:10BC30000F4A937000F00F03042B03D1937943F064
:10BC4000400393710A4B5B7903F0EF0310F0100F80
:10BC500018BF43F01003064A5371937903F0EF03C2
:10BC600010F0200F18BF43F01003014A9371704782
:10BC700000A00640244B1B6813F4806F42D010B51F
:10BC8000224B1B7813F0FF0F06D0204C02F0ACFAC9
:10BC9000237813F0FF0FF9D14FF400521C4B1A60B8
:10BCA00000221C4BDA701C4B1B7813B1152B05D0EE
:10BCB00008E040F20312194B1A6003E040F203124D
:10BCC000174B1A60174B1B7803F07F03012B02D030
:10BCD000052B05D008E040F20312134B1A6003E075
:10BCE00040F20312114B1A600A4B1A79DB790023D8
:10BCF0000F4A13700F4A13700F4B1B680BB10122D0
:10BD00001A7010BD704700BF34800440DC2700204B
:10BD100084E100E000A006402028002040A004406C
:10BD200018C00440A09DFF1F44A004401CC0044054
:10BD300064280020DD270020D827002010B5044605
:10BD4000094A137813F0FF0FFBD101212046FFF7BA
:10BD5000A1FD00212046FFF76BFD044B53F8342072
:10BD6000034B1A6010BD00BFDC270020587701008C
:10BD70006828002010B40C4609B140F08000174B31
:10BD80001B78984228D0164A126812F4806F21D08E
:10BD900003F07F03012B02D0052B04D006E0002224
:10BDA000104B1A6002E000220F4B1A60002C14BFE7
:10BDB0006023442300F07F02012A02D0052A05D027
:10BDC00008E043F44073074A136003E043F4407310
:10BDD000054A1360014B187010BC7047A09DFF1FEF
:10BDE0003480044044A004401CC00440114B1B7824
:10BDF00083421ED0104A126812F4806F17D013B11C
:10BE0000152B04D006E000220C4B1A6002E0002241
:10BE10000B4B1A6010B1152805D008E040F2133220
:10BE2000064B1A6003E040F21332054B1A60014BD7
:10BE300018707047202800203480044040A004403F
:10BE400018C004400D4B1B6813F4806F13D02128D9
:10BE50000DD810B50A4C0B4B53F83030236001213C
:10BE6000FFF718FD236800221A70012010BD002082
:10BE7000034B186070470020704700BF34800440B7
:10BE8000D827002058770100114B1B6813F4806FEE
:10BE90001BD0122804D140F202320E4B1A600DE082
:10BEA000142804D140F202320B4B1A6006E00B4A10
:10BEB000537B03F0FE03537300207047074A537B04
:10BEC00043F001035373012070470020704700BF07
:10BED000348004400CA0044014C0044000A006407C
:10BEE000214B1B6813F4806F3CD02DE9F0411F4BB0
:10BEF0001B680BB101221A7007461D4B1C780134D8
:10BF0000402C28BF00241B4D1B4EDFF8708017E02B
:10BF1000FFF7E8FB40280FDC337913F0800F0FD0D8
:10BF20002B780133402B28BF002318F80320D2B20E
:10BF3000F271DBB22B7003E0FF2801DD02F054F94F
:10BF40002B78DBB29C42E3D0FFB20C4B1F55012291
:10BF50000B4B1A70E4B2064B1C70BC22064BDA7015
:10BF6000BDE8F081704700BF34800440682800209D
:10BF70006C2800206528002000A00640E027002053
:10BF8000DC270020284B1B6813F4806F4AD02DE972
:10BF9000F0470646254B1B680BB101221A7006EBD1
:10BFA000010A564539D2DFF89480214D214FDFF840
:10BFB000909098F800400134402C28BF00242B7842
:10BFC000DBB29C421DD1BC23FB70FFF78BFB4028EA
:10BFD0000FDC3B7913F0800F0FD02B780133402B0F
:10BFE00028BF002319F80320D2B2FA71DBB22B70FC
:10BFF00003E0FF2801DD02F0F7F82B78DBB29C426A
:10C00000E3D016F8013B09F8043001220A4B1A70FC
:10C01000E4B288F80040B245CBD1BC22054BDA70BF
:10C02000BDE8F087704700BF3480044068280020D6
:10C030006528002000A00640DC2700206C28002096
:10C04000E0270020074B1B7813F0FF0F08D010B536
:10C05000044C02F0C9F8237813F0FF0FF9D110BD9A
:10C06000704700BFDC270020064B1B78DBB2064A76
:10C070001078C0B283422CBF3F3000F1FF30C01AAD
:10C08000704700BF6C28002065280020054B1878F9
:10C09000C0B2054B1B78DBB2984238BF4030C01AA3
:10C0A000704700BF64280020DD27002010B4184B23
:10C0B0001B78DAB2174B1B78DBB29A4217D00133E8
:10C0C0003F2B17D81449C85CC0B2D9B2114C2170AB
:10C0D00012490968C9B19A4202D3FFE7D31A01E0B5
:10C0E0004032D31A1A2B10DC00230B700DE04FF0F6
:10C0F000FF300AE0084B1878C0B20021054B1970D8
:10C10000064B196800230029E8D110BC704700BF16
:10C1100064280020DD27002024280020D8270020C4
:10C12000094B1A78D2B2094B1B78DBB29A4207D07E
:10C130000133402B28BF0023054AD05CC0B27047B2
:10C140004FF0FF30704700BF64280020DD2700203B
:10C15000242800200D4B1B6813F4806F14D00C4B67
:10C16000DA7802F0CB02DA7040225A74DA7842F0C0
:10C170003402DA70074B1B78DBB2074A1370074BA7
:10C180001B680BB100221A70704700BF3480044056
:10C1900000A00640DD27002064280020D8270020CA
:10C1A00070B43E4B1B7913F0300F32D072B63B4B5C
:10C1B0009B7D03F0FF022BB9384BDA7940225A7489
:10C1C00062B626E062B6364B1878C0B2354B1C78A2
:10C1D000E4B2324D344EEB79D9B2431C402B28BF28
:10C1E0000023A3421CBFF1541846531E13F0FF0254
:10C1F000F1D1C3B22A4A13702C4B1B684BB1A04239
:10C200002EBF001BC4F1400400192728C4BF01221F
:10C210001A70224BDA78D2B212F0800F29D01B7933
:10C2200013F0800F25D0224B1C78E4B2214B1B78F1
:10C23000DBB29C4212D019481F4D01E0A3420CD042
:10C240000133402B28BF00230179E95CC9B2C171D9
:10C25000017DC9B20729F1D900E02346DBB21549B7
:10C260000B700E4B1B7913F0800F02D07C210B4B0F
:10C27000D97012F0400F0ED0084B1B7913F0400F0D
:10C2800009D000220D4B1A700D4B1B6803B11A70B8
:10C290003C22024BDA7070BC704700BF00A0064021
:10C2A00064280020DD27002024280020D827002033
:10C2B0006C28002065280020E0270020DC270020D3
:10C2C00068280020274A136843F4006313600023A2
:10C2D000254A1370254A1370254A1370254A137096
:10C2E000254A1370254B1B78092B02D01A2B05D039
:10C2F00008E040F21332224B1A6003E040F213329E
:10C30000204B1A60204B1B780A2B02D01F2B05D024
:10C3100008E04FF451721D4B1A6003E04FF4517264
:10C320001B4B1A601F2898BF2020C0F34432194BC2
:10C330001A70C0F347125A7000F01F00987204225E
:10C340009A700221D9745A7588221A743C22DA70C4
:10C350004022114B1A704FF40042A3F22B331A60A3
:10C36000704700BF34800440E0280020752800207A
:10C37000E8280020E128002074280020A19DFF1F4C
:10C380000CB0044004D00440A29DFF1F10B0044034
:10C3900000D0044000B006402FE400E0154B9B782D
:10C3A00003F0EC0200F00303134310F0040F18BF76
:10C3B00043F010030F4A937000F00F03042B03D1D6
:10C3C000937943F0400393710A4B5B7903F0EF03D9
:10C3D00010F0100F18BF43F01003064A5371937901
:10C3E00003F0EF0310F0200F18BF43F01003014AD1
:10C3F0009371704700B00640244B1B6813F4006F24
:10C4000043D010B5224B1B7813F0FF0F06D0204C01
:10C4100001F0EAFE237813F0FF0FF9D14FF4004248
:10C420001C4B1A6000221C4BDA701C4B1B78092B2A
:10C4300002D01A2B05D008E040F20312184B1A6004
:10C4400003E040F20312174B1A60174B1B7803F0FE
:10C450007F030A2B02D01F2B05D008E040F2031205
:10C46000124B1A6003E040F20312114B1A600A4BA0
:10C470001A79DB7900230F4A13700F4A13700F4BA0
:10C480001B680BB101221A7010BD70473480044044
:10C490007428002084E100E000B00640A19DFF1F49
:10C4A0000CB0044004D00440A29DFF1F10B0044013
:10C4B00000D00440E02800207528002070280020CB
:10C4C00010B50446094A137813F0FF0FFBD1012180
:10C4D0002046FFF7DFF900212046FFF7A9F9044BBA
:10C4E00053F83420034B1A6010BD00BF742800209D
:10C4F00058770100E428002010B40C4609B140F040
:10C500008000174B1B78984228D0164A126812F404
:10C51000006F21D003F07F030A2B02D01F2B04D021
:10C5200006E00022104B1A6002E000220F4B1A6056
:10C53000002C14BF6023442300F07F020A2A02D09B
:10C540001F2A05D008E043F44073074A136003E054
:10C5500043F44073054A1360014B187010BC7047D8
:10C56000A29DFF1F3480044010B0044000D004405E
:10C57000124B1B78834220D0114A126812F4006FCC
:10C5800019D0092B02D01A2B04D006E000220D4B43
:10C590001A6002E000220C4B1A60092802D01A2807
:10C5A00005D008E040F21332064B1A6003E040F277
:10C5B0001332054B1A60014B18707047A19DFF1F85
:10C5C000348004400CB0044004D004400D4B1B6880
:10C5D00013F4006F13D021280DD810B50A4C0B4B63
:10C5E00053F8303023600121FFF754F9236800220B
:10C5F0001A70012010BD0020034B18607047002006
:10C60000704700BF34800440702800205877010034
:10C610000D4B1B6813F4006F13D017280AD140F29A
:10C6200002320A4B1A600A4A537B43F001035373E8
:10C6300001207047064A537B03F0FE03537300202A
:10C6400070470020704700BF3480044008B00440A9
:10C6500000B00640214B1B6813F4006F3CD02DE95D
:10C66000F0411F4B1B680BB101221A7007461D4B8E
:10C670001C780134282C28BF00241B4D1B4EDFF8EA
:10C68000708017E0FFF72EF840280FDC337913F0A5
:10C69000800F0FD02B780133282B28BF002318F8E8
:10C6A0000320D2B2F271DBB22B7003E0FF2801DD70
:10C6B00001F09AFD2B78DBB29C42E3D0FFB20C4B29
:10C6C0001F5501220B4B1A70E4B2064B1C70BC22A2
:10C6D000064BDA70BDE8F081704700BF348004403B
:10C6E000E4280020E8280020E128002000B00640CF
:10C6F0007828002074280020284B1B6813F4006F52
:10C700004AD02DE9F0470646254B1B680BB10122A4
:10C710001A7006EB010A564539D2DFF89480214D94
:10C72000214FDFF8909098F800400134282C28BF62
:10C7300000242B78DBB29C421DD1BC23FB70FEF79A
:10C74000D1FF40280FDC3B7913F0800F0FD02B78FE
:10C750000133282B28BF002319F80320D2B2FA7125
:10C76000DBB22B7003E0FF2801DD01F03DFD2B78EB
:10C77000DBB29C42E3D016F8013B09F804300122F9
:10C780000A4B1A70E4B288F80040B245CBD1BC2203
:10C79000054BDA70BDE8F087704700BF3480044075
:10C7A000E4280020E128002000B006407428002082
:10C7B000E828002078280020074B1B7813F0FF0F93
:10C7C00008D010B5044C01F00FFD237813F0FF0FD3
:10C7D000F9D110BD704700BF74280020064B1B78AC
:10C7E000DBB2064A1078C0B283422CBF273000F17A
:10C7F000FF30C01A704700BFE8280020E128002061
:10C80000054B1878C0B2054B1B78DBB2984238BF95
:10C810004030C01A704700BFE02800207528002073
:10C8200010B4184B1B78DAB2174B1B78DBB29A4264
:10C8300017D001333F2B17D81449C85CC0B2D9B206
:10C84000114C217012490968C9B19A4202D3FFE71D
:10C85000D31A01E04032D31A1A2B10DC00230B70DC
:10C860000DE04FF0FF300AE0084B1878C0B200210D
:10C87000054B1970064B196800230029E8D110BC3C
:10C88000704700BFE028002075280020A028002065
:10C8900070280020094B1A78D2B2094B1B78DBB202
:10C8A0009A4207D00133402B28BF0023054AD05CB1
:10C8B000C0B270474FF0FF30704700BFE028002043
:10C8C00075280020A02800200D4B1B6813F4006F72
:10C8D00014D00C4BDA7802F0CB02DA7040225A7492
:10C8E000DA7842F03402DA70074B1B78DBB2074A81
:10C8F0001370074B1B680BB100221A70704700BF02
:10C900003480044000B0064075280020E028002054
:10C910007028002070B43E4B1B7913F0300F32D0DA
:10C9200072B63B4B9B7D03F0FF022BB9384BDA7993
:10C9300040225A7462B626E062B6364B1878C0B20E
:10C94000354B1C78E4B2324D344EEB79D9B2431CEE
:10C95000402B28BF0023A3421CBFF1541846531E8E
:10C9600013F0FF02F1D1C3B22A4A13702C4B1B689B
:10C970004BB1A0422EBF001BC4F140040019272870
:10C98000C4BF01221A70224BDA78D2B212F0800FA3
:10C9900029D01B7913F0800F25D0224B1C78E4B2EC
:10C9A000214B1B78DBB29C4212D019481F4D01E08D
:10C9B000A3420CD00133282B28BF00230179E95C66
:10C9C000C9B2C171017DC9B20729F1D900E023467E
:10C9D000DBB215490B700E4B1B7913F0800F02D0A0
:10C9E0007C210B4BD97012F0400F0ED0084B1B79F5
:10C9F00013F0400F09D000220D4B1A700D4B1B682D
:10CA000003B11A703C22024BDA7070BC704700BF51
:10CA100000B00640E028002075280020A028002053
:10CA200070280020E8280020E12800207828002035
:10CA300074280020E4280020431E032B14D872B66B
:10CA40000A4951F8230068B170B4094C058834F8DC
:10CA50001320466841F82360521B24F8132062B665
:10CA600070BC704762B670470020704744290020B0
:10CA7000C42A0020013803280BD872B6074B53F89C
:10CA8000203043B100205B680130002BFBD162B63F
:10CA90007047002070471846F9E700BF982900202A
:10CAA00030B472B62B4A13781D0706D52A4B196A83
:10CAB000002936D0996A002941D053781C0706D541
:10CAC000254B196C00293ED0996C002939D09378F8
:10CAD000190705D5204B196E002936D0996E89B1FA
:10CAE000D3781B0707D51C4BD3F880207AB3D3F833
:10CAF000882011213AB162B6184B00221A7030BC5E
:10CB000000F06CBE0D21154C154D227843F83150C4
:10CB100003EBC1030830013A5860227062B630BCA2
:10CB2000704704220D4C0F4D217843F8325003EB2F
:10CB3000C20308304A1E5860227062B6EFE7052132
:10CB4000E1E70921DFE70822ECE70C22EAE71022FF
:10CB5000E8E700BF607901000080FF1FC1290020C5
:10CB6000C800400088004000431E032B1ED81C4A0A
:10CB7000400140F0100030B4104472B6194CE25C31
:10CB8000032A1CD8DFE802F002131618032201F171
:10CB90000805456010F0080F0988E25414BFC82347
:10CBA000882343EA0143036062B630BC7047083013
:10CBB0000222ECE70522EAE708300422E7E70A4A06
:10CBC00052F8230038B1094A52F82300416042F874
:10CBD000231062B6E9E742F82310044AF7E700BFE2
:10CBE0000080FF1FD029002098290020A8290020BC
:10CBF0002DE9F04FDFF810B3DFF810A387B046E05F
:10CC0000AC4F4FEA930807EBC809013ED9F804205E
:10CC100003F00803F6B2A2F1080003F0FF04002BB2
:10CC200040F0048157F838301B0C99B222F8081CE8
:10CC3000002B00F0F280A04D22F8064C42F8044C84
:10CC400055F82630002B00F0C7829C4D55F8263051
:10CC5000586032F8081C9A4C45F8260034F8163013
:10CC6000194424F8161000F099FD002800F0AD8258
:10CC7000944A954B19F0080F00F1080018BF1346AD
:10CC8000C9F8040047F8383008238BF800309BF8C7
:10CC90000040E4B261071AD58C4B1B78A3B18C49D4
:10CCA0000A7802F0FF0322B1013BDBB20B7003B93B
:10CCB00000BE88490A7802F0FF032AB1013BDBB2CB
:10CCC0000B70002B00F0578204238BF8003004F027
:10CCD000080303F0FF02002B00F0CC809AF800302C
:10CCE000DBB21E098CD19C08DFF8C89159F83420BA
:10CCF00009EBC401C2F38302013A49680C2A00F22D
:10CD00008880DFE802F07C7C868686868686478679
:10CD1000868607000868704D4A68704F704E28601C
:10CD200081B240F28160674B6A604FF0010E0022D1
:10CD3000814249F834303A60C9F81020C9F8182007
:10CD400086F800E05B4C00F2E380B1F5D06F80F034
:10CD50004683B1F5817F00F0FC8200F28D8280294C
:10CD600000F07783822940F0FA82A98801F07F01E0
:10CD7000042900F2F4825B485B4C8900084422706D
:10CD800062700278930740F1588484F800E04FF015
:10CD9000020E42E3514F3A6832B3544B504E54495D
:10CDA000188834780D784028864645F0020828BF58
:10CDB0004FF0400E002C84F001043470CEEB0000E4
:10CDC0000CBF8824C82409EBC80680B285F0010591
:10CDD00044EA0E447260188049F8384072440D707D
:10CDE000002800F045813A603B4B1A88B2F5A06FED
:10CDF0000FD100219A7859703E4B1A7009E0364ADB
:10CE0000108842F22102904200F037812D4A49F801
:10CE10003420394A0123137036E72A4A2A4B19F085
:10CE2000080F18BF134647F838302DE700F0D6FC3E
:10CE3000324A334952F82630002B00F0D18158682D
:10CE40008C5D42F8260003F10802C9F80420032C87
:10CE500005D8DFE804F02C02292602228A551A8818
:10CE600019F0080F0CBF8823C82343EA024347F890
:10CE7000383009E7E00700F18181210600F1F281F5
:10CE8000A20706D51F4A204913780220DBB213708F
:10CE90000870E30602D51C4B10221A7007B0BDE8DB
:10CEA000F08F04228A55DAE705228A55D7E7032254
:10CEB0008A55D4E70080FF1F44290020F028002075
:10CEC000C42A0020C800400088004000CC2900206F
:10CED00055290020D4290020B8290020EC28002062
:10CEE00054290020C0200740C42900200029002028
:10CEF000C02900209820074094200740982900204E
:10CF0000D02900208820074080200740902007403B
:10CF100042F22100814200F02A8100F2D880B1F56E
:10CF2000086F00F07682B1F5106F40F01882226A27
:10CF3000B349A8780870120600F13A83D9F828207E
:10CF4000B049130600F10C83D9F83020AD4915061D
:10CF500000F10183D9F83820AA49140600F1F682BD
:10CF6000D9F84020A749100600F14A83D9F8482093
:10CF7000A449120600F13F83D9F85020A1491306B5
:10CF800000F13483D9F858209E49150600F1298311
:10CF9000D9F860209B49140600F11E83D9F8682057
:10CFA0009849100600F11383D9F8702095491206AC
:10CFB00000F10883D9F878209249130600F1FD8228
:10CFC000D9F880208F49150600F13183D9F88820DF
:10CFD0008C49140600F12583D9F890208949100660
:10CFE00000F11983D9F898208649120600F10D83C3
:10CFF0008548864A864901908648874D874C049724
:10D0000000230596029580460F4616461D4603945A
:10D01000306828B1446800F0E1FB2046002CF9D1CB
:10D0200000233360029B38681A46002342F82530FB
:10D0300028B1446800F0D2FB2046002CF9D1002230
:10D040003A60019A98F800301146002241F8042B0A
:10D05000039A0191023B4FF0000122F81510032BB7
:10D0600000F22B81DFE813F070012501700125012A
:10D07000BEF1400F18BF0022B5E6694A0D78487826
:10D08000157050708D78C8789570D07010680D79D3
:10D09000157186284D7989795571917100F09B81C0
:10D0A0006049614E0A78307882F00105002842F02C
:10D0B00002020D700CBF8821C82149F8321009EB1B
:10D0C000C20280F001000021307051609EE642F201
:10D0D0002120814240F0CB81544B554C5549A878D2
:10D0E0001D682560CDF804E008700020029080469D
:10D0F000844604464B490D7845F0020E09EBCE03F9
:10D100000393019B002B039B5C600CBF8824C82405
:10D1100044EA080385F0010449F83E3032700C708F
:10D12000DFF8E0E0404BDFF8FC80002840F01E8193
:10D13000BCF1400F1BD144F0020C09EBCC03029C64
:10D14000DFF8C0E05C60002A40F02681020442F073
:10D1500088029DF804304EF83C20044433700D7072
:10D160002346402803D10020334A3B601080334AD5
:10D17000012313704DE600F0B5FCA5E5214B2F48C7
:10D1800028491A614FF0020E80F800E02C4F0A7017
:10D190002C49196099602C4E2C4D2D4C9A610D2113
:10D1A0003970FF213170DFF8B8E029702270294D05
:10D1B000294A8EF800109F27012406F8047C5D6040
:10D1C0000470DA6007B0BDE8F08F244A47F83800F1
:10D1D00013780133137057E545F826000E4D3AE5F4
:10D1E0008B5D032B00F2F08001A252F823F000BF08
:10D1F00089CC000089CC0000ADD20000A7D200008D
:10D20000CC2900200080FF1FA829002044290020ED
:10D2100098290020D0290020F0280020C42A0020CE
:10D22000CC2A0020C029002054290020D427002027
:10D23000D42A0020E429002000290020942007405F
:10D24000C020074088004000882007408020074019
:10D25000982007400429002058290020C1290020D7
:10D260008C200740C149C24B80220D2008701A70E3
:10D27000A2077FF50EAE05E640F20232914240F081
:10D28000EE80A98801F07F01042968D86A88002A05
:10D2900065D1B648CDF804E089000844017841F032
:10D2A0000201017021E701238B55EDE400238B552A
:10D2B000EAE44FF0010388F800300135042D06F14F
:10D2C000040607F1040708F101087FF4A1AEA94C98
:10D2D000A94B2278A94D049F059E002129701A7040
:10D2E000130700F105816278A549DFF8A0820A7072
:10D2F00010074FF00001C9F83010C9F8381000F1DC
:10D30000E080A049A2780A700021C9F85010C9F83D
:10D3100058101107DFF8748200F10181E2789A4910
:10D320009A4C0A7000211207C9F87010C9F87810D9
:10D3300000F1B08033780193002183F00102C9F835
:10D340009010C9F89810D0E64FF0000388F800302C
:10D35000B3E7A98801F07F01042940F28D80834A58
:10D360000F2313708A4A0123137052E540287FF679
:10D37000E2AE44F002040EEBC401029E4E60BAB16C
:10D380009DF80410834A19703346403888F80050DD
:10D3900040334EF83420E7E69DF804303370020441
:10D3A000029B0D7042F0C80203444EF83C20D8E6C0
:10D3B0009DF804101970029B774A88F80050403895
:10D3C00040334EF83420CFE619F0080F0CBF02238B
:10D3D00003238B5558E4714A0F21117060E6704A9F
:10D3E0005468002CBBD06888B5F804E003E00C3228
:10D3F0005468002CB3D013888342F8D15388734506
:10D40000F5D1000A03280CBF94F800E0B2F808E058
:10D4100003E0644A644C12782270E888704580F01A
:10D420003F8162490D784028844645F0020E28BFAE
:10D430004FF0400C04EB0C0309EBCE0202930123E6
:10D440005460CCEB00004FEA0C4800220193C82442
:10D450005EE6554C4FF0020E22706270DDE7B1F5CA
:10D46000A06F7FF47CAF0123002201933DE642F2DE
:10D4700021329142F7D072E76A88002A7FF46FAFB9
:10D480003A48CDF804E089000844017821F002010F
:10D4900001702AE600F082F9002800F0EF800830E1
:10D4A0003D4AC4F88400C4F8802000F077F90028D1
:10D4B00000F0DE800830374AC9F88C00C9F88820AF
:10D4C00038E700F06BF9002800F0C0800830324ADD
:10D4D000C8F84400C8F8402000F060F9002800F0C7
:10D4E000AF8008302B4AC9F84C00C9F8482008E73B
:10D4F00000F054F9002800F0CD800830264AC9F821
:10D500002400C9F8202000F049F9002800F0BC8070
:10D510000830204AC9F82C00C9F82820E3E600F0BA
:10D520003DF9002800F09E8008301B4AC8F86400CE
:10D53000C8F8602000F032F9002800F08D80083033
:10D54000144AC9F86C00C9F86820E7E6C86B0838C7
:10D5500000F044F904E5486B083800F03FF9F9E4BD
:10D56000C86A083800F03AF9EEE400BFC02007406E
:10D570008020074060790100C4200740C1290020B5
:10D58000C8200740CC200740D02007400080FF1F64
:10D5900094200740C8004000880040005529002022
:10D5A00064790100CC290020C4290020C029002072
:10D5B000606A083800F012F9C0E4C86F083800F05B
:10D5C0000DF9FDE4486F083800F008F9F2E4C86E80
:10D5D000083800F003F9E7E4486E083800F0FEF878
:10D5E000DCE4C86D083800F0F9F8D1E4486D08387B
:10D5F00000F0F4F8C6E4C86C083800F0EFF8BBE4BB
:10D60000486C083800F0EAF8B0E4D1F89C0008381B
:10D6100000F0E4F8ECE4D1F89400083800F0DEF80B
:10D62000E0E4D1F88C00083800F0D8F8D4E4D1F860
:10D630008400083800F0D2F8C8E44FF0020EECE69F
:10D640002A78C9F8480001322A705AE62A78C8F8C0
:10D65000400001322A703FE72A78C9F86800013299
:10D660002A705BE62A78C8F8600001322A7061E708
:10D670002A78C9F8880001322A705BE62A78C4F853
:10D68000800001322A7010E72A78C9F82800013298
:10D690002A7028E62A78C9F8200001322A7032E779
:10D6A000BEF1400FF44628BF4FF0400C04EB0C03D2
:10D6B00002930123CCEB0E004FEA0C4800220193A9
:10D6C00018E500BFF8B500F0EBFE294B29482A4CBD
:10D6D0002A4F2B4DDFF8BCC0DFF8BCE0294E0022FA
:10D6E0001A605A609A60DA601A615A619A61DA6166
:10D6F0001A625A629A62DA621A635A639A63DA6346
:10D700001A645A649A64DA641A655A659A65DA6525
:10D710001A665A669A66DA661A675A679A67DA6705
:10D72000C3F880200168C3F8842041F4802101609F
:10D73000C3F307212170C3F30740134938701B0E50
:10D740002B70FF238CF80030104D8EF800301048FD
:10D750000B700123337084F8642070264FF400743A
:10D76000102207F82C3C2E70046081F8F820F8BDD8
:10D770000080FF1F348004409C200740B0200740F9
:10D78000B4200740942007401020074049E400E0FF
:10D7900008E100E0802007408820074072B60D4B6A
:10D7A0001A68B2FA82F30B2B02D962B600207047D6
:10D7B0004FF00041D94022EA010206490A6062B6F0
:10D7C000054903EBC303DB00C8180022CA504260BE
:10D7D000704700BFA49DFF1FBC83FF1F08B50F4B00
:10D7E000C31A0F4AA2FB03231B090B2B14D80D4AA3
:10D7F00012783AB10C4A127812F0FF0F02D0FFF7FC
:10D800004FF908BD72B609494FF0004222FA03F3FE
:10D810000A681A430A6062B608BD00BFBC83FF1FD6
:10D82000398EE338C1290020CC290020A49DFF1F98
:10D8300010B5134B1B6853B9124B1B7813F0FF0F35
:10D8400018D00320FFF7F8F80D4B1860A8B10C4B67
:10D85000186843885A1C03441C7A03889A4206D3EA
:10D86000FFF7BCFF0022064B1A60204610BD428025
:10D87000204610BD4FF0FF3010BD4FF0FF3010BDFF
:10D88000E0290020CC29002008B50D4B1B6883B986
:10D890000C4B1B7813F0FF0F08D00320FFF7CCF8D8
:10D8A000074B186028B94FF0FF3008BD4FF0FF302C
:10D8B00008BD034B1A6853881344187A08BD00BF8B
:10D8C000E0290020CC290020044B9888044B1B68D9
:10D8D0001BB11A885B88D31A18447047C42A0020E9
:10D8E000E02900200B4B1B7813F0FF0F11D010B56F
:10D8F000094B186820B1FFF771FF0022064B1A6030
:10D9000003242046FFF798F810B1FFF767FFF8E708
:10D9100010BD7047CC290020E02900202DE9F84FE8
:10D920000122374B1A708A46002963D004460D46FF
:10D93000344FDFF8DC809946334E3B6883BB98F860
:10D94000003013F0FF0F06D100222D4B1A704FF05C
:10D95000FF30BDE8F88F47F2095B0420FFF78AF833
:10D96000072809D8012389F80030FFF717FF38602E
:10D97000B0B9002389F80030BBF1010B01D0337836
:10D9800033B10122204B1A704FF0FF30BDE8F88F01
:10D9900000F02AFC98F8003013F0FF0FDDD1D3E738
:10D9A0000023337039684A88C2F14000A84228BF7A
:10D9B000284601F1080302EB000EA1F802E02D1A3F
:10D9C00048B1013A1344204414F8012B03F8012F05
:10D9D000A042F9D104464B883F2B06D940230B8047
:10D9E0000420FFF7C1F800233B600522074B1A70A3
:10D9F000002DA2D10022024B1A705046BDE8F88FCC
:10DA0000D5290020D8290020DC290020D429002095
:10DA1000CC29002000B583B002AB03F8010D012131
:10DA20001846FFF77BFF03B05DF804FB08B5012241
:10DA3000104B1A70104B1B6893B9104B1B7813F0E6
:10DA4000FF0F09D00420FFF715F8072804D8FFF7C7
:10DA5000A5FE094B186018B90020064B187008BDC8
:10DA6000054B1B685888C0F140000022014B1A701A
:10DA700008BD00BFD5290020D8290020CC290020CE
:10DA8000144B1B7813F0FF0F23D010B50122124B5B
:10DA90001A70124B196851B10024114B1C704B883D
:10DAA0000B800420FFF760F80C4B1C600DE0FFF7C3
:10DAB00075FE014630B10022094B1A700420FFF7B1
:10DAC00053F802E00122064B1A700022024B1A7032
:10DAD00010BD7047CC290020D5290020D82900206E
:10DAE000D429002008B50E4B1B7813F0FF0F16D178
:10DAF0000C4B196841B14B880B800420FFF734F8B8
:10DB00000022084B1A6008BDFFF748FE014618B115
:10DB10000420FFF729F808BD0122034B1A7008BD45
:10DB2000D5290020D8290020D429002010B472B6AD
:10DB300009B9026822B9294B1C882146002311E04B
:10DB400003790F2BF7D825490988194111F0010FE6
:10DB5000F1D003F1007303F59063B2EB431FEAD1F8
:10DB600062B639E041FA03F212F0010F2CD1012222
:10DB70009A401443194A148062B6DAB20271184C02
:10DB8000216841F002012160043C216841F002015A
:10DB90002160822413490C601A310A7004310A7022
:10DBA00006390A7007310A7003F1007303F59063B8
:10DBB0005B01036000221A605A609A60DA601A61A1
:10DBC0005A619A61DA6107E00133102BCAD162B65B
:10DBD000002303601023037110BC7047E629002066
:10DBE000408004400080004003790F2B10D8094A80
:10DBF000137072B608490279012303FA02F20B8806
:10DC000023EA02030B8062B6102303710023036032
:10DC1000704700BF1A800040E629002070B5EFF37E
:10DC2000108272B60C4B186898B11C4600250B4E3A
:10DC3000436923600BB19D6100E0356002B962B6B3
:10DC4000457783689847EFF3108272B62068002802
:10DC5000EED102B962B670BDE8290020EC2900209F
:10DC600008B5FFF7DBFF08BD1C4B1B6823B98360B9
:10DC7000C3601A4B18602DE001681A6891420AD2FD
:10DC800083600022C260D8601A680168521A1A6064
:10DC9000124B18601EE09A68A2B102681968521A05
:10DCA00002609B6819688A42F5D28360DA68C260B4
:10DCB000D860C26890601A680168521A1A6002231C
:10DCC0000375704702681968521A02600022826068
:10DCD000C360986002230375704700BFF0290020DD
:10DCE00070B5194B1C68ECB1236823B90025164E9A
:10DCF00004E0236813B1013B236013E0A36803B180
:10DD0000DD6033602575206903681B68224629465B
:10DD1000984763681BB123602046FFF7A5FF34686E
:10DD2000002CE6D1EFF3108372B6084A1068002188
:10DD3000116003B962B628B18468FFF795FF2046E9
:10DD4000002CF9D170BD00BFF0290020002A00206E
:10DD500008B5034A136801331360FFF7C1FF08BD1C
:10DD6000D427002008B503681B68C9B2984708BDCE
:10DD700008B503681B68C9B2984708BD08B50368B1
:10DD80001B68C9B2984708BD08B503681B68C9B2CB
:10DD9000984708BD08B50846FEF7A2F8012008BD5F
:10DDA00008B50846FEF79CF8012008BD38B50D46B9
:10DDB000084602F085F9044601462846FEF7E2F8D7
:10DDC000204638BD10B5084614461146FEF7DAF86D
:10DDD000204610BD08B5FEF7BDF908BD08B50846D8
:10DDE000FEF752F8003018BF012008BD08B50846FC
:10DDF000FEF728F8003018BF012008BD08B5084616
:10DE00001146FDF7B7FF08BD08B50846FDF7EEFF60
:10DE100008BD00BF08B50846FDF790FF08BD00BF6C
:10DE200008B5FDF727FF08BD08B54B0803F1B7603B
:10DE300000F55840B0FBF1F0FDF784FE08BD00BFCF
:10DE400010B514464B0803F1B76000F55840B0FB1D
:10DE5000F1F0FDF777FE2046FDF7DEFE10BD00BFB6
:10DE600008B5FEF75DF908BD08B5FEF71FF908BD56
:10DE700008B5FEF70BF908BD08B5FEF7E3F808BDD5
:10DE800008B5FEF7F1F808BD704700BF08B5036894
:10DE90001B68C9B2984708BD08B503681B68C9B2BA
:10DEA000984708BD08B503681B68C9B2984708BD04
:10DEB00008B503681B68C9B2984708BD08B508468D
:10DEC000FEF7C8FB012008BD08B50846FEF7C2FBF7
:10DED000012008BD38B50D46084602F0F1F80446A9
:10DEE00001462846FEF708FC204638BD10B5084616
:10DEF00014461146FEF700FC204610BD08B5FEF79B
:10DF0000E3FC08BD08B50846FEF782FB003018BFE9
:10DF1000012008BD08B50846FEF758FB003018BFC1
:10DF2000012008BD08B508461146FEF7E5FA08BD10
:10DF300008B50846FEF71CFB08BD00BF08B508463B
:10DF4000FEF7BEFA08BD00BF08B5FEF755FA08BDDA
:10DF500008B54B0803F1B76000F55840B0FBF1F08D
:10DF6000FEF7B0F908BD00BF10B514464B0803F129
:10DF7000B76000F55840B0FBF1F0FEF7A3F920467A
:10DF8000FEF70CFA10BD00BF08B5FEF783FC08BD14
:10DF900008B5FEF745FC08BD08B5FEF731FC08BD25
:10DFA00008B5FEF709FC08BD08B5FEF717FC08BD6B
:10DFB000704700BF2DE9F84306460D46044600238E
:10DFC0000A2214F8041F284600F054F807364FF0D0
:10DFD0002E094FF000080A272B681B68494628467F
:10DFE000984743463A4614F8011F284600F042F885
:10DFF000B442F1D10420BDE8F88300BF81B1F8B587
:10E0000006460F4672B11446002533681B6817F8A0
:10E01000011B304698470544013CF6D12846F8BD1F
:10E02000002070470020F8BD00B583B0054B1B8869
:10E03000ADF8043003685B68022201A9984703B079
:10E040005DF804FB3479010010B5144603685B6881
:10E050009847204610BD00BF0EB400B582B003AA99
:10E0600052F8041B019204F01BFF02B05DF804EBB0
:10E0700003B07047F0B58BB022B903681B68C9B212
:10E08000984731E01646012A14BF16460A2621B9E0
:10E0900030228DF82520212417E021243746B1FBBA
:10E0A000F6F206FB1212D2B22546092A94BF30328C
:10E0B0003732D2B20DF1280E754405F8242CB1FB8D
:10E0C000F7F111B1013CE4B2E9E733B1013CE4B24C
:10E0D0000AAB23442D2203F8242C03685B68C4F1A7
:10E0E000220201A9214498470BB0F0BD134B1A68D6
:10E0F000E2B110B4124C82FB04015318D117C1EBEA
:10E100002343104800FB132384FB02042244C1EB89
:10E1100022420D4800FB02F244F2A71000FB03204C
:10E12000002807DA00F10040013803E00748034BFC
:10E1300018607047014B186010BC7047042A00201B
:10E140005F0B4E831DF30100ECF4FFFF42CE0C1F6A
:10E1500040B110B50446FFF7C9FFB0FBF4F303FB71
:10E16000140010BD00207047884206DA10B504463E
:10E17000081AFFF7EDFF204410BD704708B5F3F70C
:10E1800085FEF3F79BFF00F02FF8FAE708B500F0E3
:10E19000EBFE08BD08B500F0EFFE08BD08B5FFF7BF
:10E1A000A1FB08BD08B5FFF76FFB08BD08B5FFF779
:10E1B0003FFB08BD08B5FFF787FB08BD08B5FFF7B3
:10E1C0005FFC08BD08B5FFF731FC08BD08B508467F
:10E1D0001146FFF7A3FB08BD08B50846FFF71AFC78
:10E1E00008BD00BF704700BF234B1B78002B42D1F6
:10E1F00010B50122204B1A70FFF766FB08B1FFF73C
:10E20000F1FFFDF743FF08B1FFF73EFEFEF7F8FA16
:10E2100008B1FFF7CDFE00F0C1F808B100F086F9B3
:10E220000022154B1A70EFF305831BBBEFF310832D
:10E2300072B6124A106810B9E3B962B610BD104A3E
:10E24000127812B1B3B962B610BD01210C4A117037
:10E2500042690A490A6012B10021916102E000217D
:10E26000084A116003B962B600244477836898476E
:10E27000034B1C7010BD7047112A0020F8290020A4
:10E28000FC290020F429002060223A4B1A70E12278
:10E2900001331A70384B1B78082B10D1012203F17F
:10E2A000804303F56C331A60132334490B6001F586
:10E2B000FF2101F2FC710A60314A13601FE00A2B52
:10E2C0000DD139222F4B1A6013232C490B6001F515
:10E2D000FF2101F2FC710A60294A13600FE00C2B48
:10E2E0000CBF35223D22274B1A60122323490B60B5
:10E2F00001F5FF2101F2FC710A60214A1360224BF3
:10E300001B7833B10123214A136002F50022136008
:10E3100005E000231D4A136002F5002213601C4B28
:10E320001B78012B06D880231A4A136002F50022BD
:10E3300013601AE0042B06D88423164A136002F5F2
:10E340000022136011E0082B06D88523114A1360C0
:10E3500002F50022136008E0102B94BF8623872368
:10E360000C4A136002F50022136001220A4B1A7056
:10E37000704700BF00400740D89DFF1F0CB003400E
:10E380000CB00B4008B00340132A002020B003401B
:10E39000D99DFF1F24B00340122A0020054B187896
:10E3A000C0B2054B1B78DBB2984238BF4030C01A70
:10E3B000704700BF842A0020192A00202E4B1B79A9
:10E3C00013F0200F22D02C4BDB79D9B22B4B1B78CA
:10E3D0000133402B28BF0023294A1278D2B293423E
:10E3E00004D0284AD154DAB224490A70264A116866
:10E3F00061B1264A1278D2B293422EBF9B1AC2F163
:10E4000040029B18272BC4BF01230B701A4BDB78EB
:10E41000DBB213F0800F1CD0174A127912F0800F74
:10E4200017D01B4A1178C9B2184A1278D2B2914259
:10E4300003D16C21104AD1700BE00132282A28BF89
:10E4400000221449895CC9B20B48C171D2B20F498C
:10E450000A7013F0400F0ED0074B1B7913F0400FDA
:10E4600009D000220C4B1A700C4B1B6803B11A70B8
:10E470002C22014BDA70704700C00640842A00202D
:10E48000192A0020442A0020142A0020852A00206E
:10E490008C2A00201C2A0020182A0020882A00200C
:10E4A00072B61D4B70221A7041211C4A11700F2147
:10E4B000013A117080221A701A46137813F0800FF7
:10E4C000FBD000B585B0164B186862B6154B984264
:10E4D0009CBF00EB800040000A2201A9FDF722F951
:10E4E0009DF804307BB908E010F8012F32B121F813
:10E4F000022F01330A2BF7D100E0002301335B0028
:10E50000094A137005E0084921F8023F01A80123D8
:10E51000EAE705B05DF804FB000002400700024096
:10E52000080002407F969800689EFF1F704700BF5A
:10E5300081F0004102E000BF83F0004330B54FEAB4
:10E5400041044FEA430594EA050F08BF90EA020F21
:10E550001FBF54EA000C55EA020C7FEA645C7FEAB4
:10E56000655C00F0E2804FEA5454D4EB5555B8BFD7
:10E570006D420CDD2C4480EA020281EA030382EA48
:10E58000000083EA010180EA020281EA0303362DDA
:10E5900088BF30BD11F0004F4FEA01314FF4801CAD
:10E5A0004CEA113102D0404261EB410113F0004FBF
:10E5B0004FEA03334CEA133302D0524263EB430376
:10E5C00094EA050F00F0A780A4F10104D5F1200E14
:10E5D0000DDB02FA0EFC22FA05F2801841F100016F
:10E5E00003FA0EF2801843FA05F359410EE0A5F143
:10E5F00020050EF1200E012A03FA0EFC28BF4CF074
:10E60000020C43FA05F3C01851EBE37101F0004529
:10E6100007D54FF0000EDCF1000C7EEB00006EEB36
:10E620000101B1F5801F1BD3B1F5001F0CD34908C0
:10E630005FEA30004FEA3C0C04F101044FEA445217
:10E6400012F5800F80F09A80BCF1004F08BF5FEA9E
:10E65000500C50F1000041EB045141EA050130BD7E
:10E660005FEA4C0C404141EB010111F4801FA4F121
:10E670000104E9D191F0000F04BF01460020B1FA76
:10E6800081F308BF2033A3F10B03B3F120020CDAAE
:10E690000C3208DD02F1140CC2F10C0201FA0CF08C
:10E6A00021FA02F10CE002F11402D8BFC2F1200CF1
:10E6B00001FA02F120FA0CFCDCBF41EA0C019040A7
:10E6C000E41AA2BF01EB0451294330BD6FEA0404F0
:10E6D0001F3C1CDA0C340EDC04F11404C4F12002DB
:10E6E00020FA04F001FA02F340EA030021FA04F3ED
:10E6F00045EA030130BDC4F10C04C4F1200220FA44
:10E7000002F001FA04F340EA0300294630BD21FA81
:10E7100004F0294630BD94F0000F83F4801306BF47
:10E7200081F480110134013D4EE77FEA645C18BF3B
:10E730007FEA655C29D094EA050F08BF90EA020FD2
:10E7400005D054EA000C04BF1946104630BD91EACA
:10E75000030F1EBF0021002030BD5FEA545C05D1CD
:10E760004000494128BF41F0004130BD14F580040C
:10E770003CBF01F5801130BD01F0004545F0FE4180
:10E7800041F470014FF0000030BD7FEA645C1ABFB5
:10E79000194610467FEA655C1CBF0B46024650EAEC
:10E7A000013406BF52EA033591EA030F41F4002118
:10E7B00030BD00BF90F0000F04BF0021704730B59E
:10E7C0004FF4806404F132044FF000054FF0000173
:10E7D00050E700BF90F0000F04BF0021704730B534
:10E7E0004FF4806404F1320410F0004548BF404209
:10E7F0004FF000013EE700BF42004FEAE2014FEA5E
:10E8000031014FEA02701FBF12F07F4393F07F4F38
:10E8100081F06051704792F0000F14BF93F07F4F6A
:10E82000704730B54FF4607401F0004521F00041AD
:10E8300020E700BF50EA010208BF704730B54FF033
:10E8400000050AE050EA010208BF704730B511F038
:10E85000004502D5404261EB41014FF4806404F170
:10E8600032045FEA915C3FF4DCAE4FF003025FEAF2
:10E87000DC0C18BF03325FEADC0C18BF033202EB7A
:10E88000DC02C2F1200300FA03FC20FA02F001FAD4
:10E8900003FE40EA0E0021FA02F11444C1E600BF73
:10E8A00070B54FF0FF0C4CF4E06C1CEA11541DBF26
:10E8B0001CEA135594EA0C0F95EA0C0F00F0DEF8F1
:10E8C0002C4481EA030621EA4C5123EA4C5350EAD6
:10E8D000013518BF52EA033541F4801143F4801327
:10E8E00038D0A0FB02CE4FF00005E1FB02E506F0B8
:10E8F0000042E0FB03E54FF00006E1FB03569CF00D
:10E90000000F18BF4EF0010EA4F1FF04B6F5007F12
:10E9100064F5407404D25FEA4E0E6D4146EB060684
:10E9200042EAC62141EA55514FEAC52040EA5E500D
:10E930004FEACE2EB4F1FD0C88BFBCF5E06F1ED8B7
:10E94000BEF1004F08BF5FEA500E50F1000041EBEE
:10E95000045170BD06F0004646EA010140EA02009B
:10E9600081EA0301B4EB5C04C2BFD4EB0C0541EABD
:10E97000045170BD41F480114FF0000E013C00F3D2
:10E98000AB8014F1360FDEBF002001F0004170BDF6
:10E99000C4F10004203C35DA0C341BDC04F114040F
:10E9A000C4F1200500FA05F320FA04F001FA05F29B
:10E9B00040EA020001F0004221F0004110EBD37068
:10E9C00021FA04F642EB06015EEA430E08BF20EA94
:10E9D000D37070BDC4F10C04C4F1200500FA04F337
:10E9E00020FA05F001FA04F240EA020001F00041C9
:10E9F00010EBD37041F100015EEA430E08BF20EA3C
:10EA0000D37070BDC4F1200500FA05F24EEA020E83
:10EA100020FA04F301FA05F243EA020321FA04F0B2
:10EA200001F0004121FA04F220EA020000EBD37069
:10EA30005EEA430E08BF20EAD37070BD94F0000F69
:10EA40000FD101F00046400041EB010111F4801F9D
:10EA500008BF013CF7D041EA060195F0000F18BF4E
:10EA6000704703F00046520043EB030313F4801F8A
:10EA700008BF013DF7D043EA0603704794EA0C0F44
:10EA80000CEA135518BF95EA0C0F0CD050EA41065A
:10EA900018BF52EA4306D1D181EA030101F00041D7
:10EAA0004FF0000070BD50EA410606BF10461946FF
:10EAB00052EA430619D094EA0C0F02D150EA01360B
:10EAC00013D195EA0C0F05D152EA03361CBF10464C
:10EAD00019460AD181EA030101F0004141F0FE41EB
:10EAE00041F470014FF0000070BD41F0FE4141F46F
:10EAF000780170BD70B54FF0FF0C4CF4E06C1CEA6F
:10EB000011541DBF1CEA135594EA0C0F95EA0C0F23
:10EB100000F0A7F8A4EB050481EA030E52EA0335DE
:10EB20004FEA013100F088804FEA03334FF08055FF
:10EB300045EA131343EA12634FEA022245EA11152C
:10EB400045EA10654FEA00260EF000419D4208BFDD
:10EB5000964244F1FD0404F5407402D25B084FEA8A
:10EB60003202B61A65EB03055B084FEA32024FF436
:10EB700080104FF4002CB6EB020E75EB030E22BF93
:10EB8000B61A754640EA0C005B084FEA3202B6EB53
:10EB9000020E75EB030E22BFB61A754640EA5C0002
:10EBA0005B084FEA3202B6EB020E75EB030E22BF92
:10EBB000B61A754640EA9C005B084FEA3202B6EB93
:10EBC000020E75EB030E22BFB61A754640EADC0052
:10EBD00055EA060E18D04FEA051545EA16754FEAB4
:10EBE00006164FEAC30343EA52734FEAC2025FEAD2
:10EBF0001C1CC0D111F4801F0BD141EA00014FF061
:10EC000000004FF0004CB6E711F4801F04BF014331
:10EC10000020B4F1FD0C88BFBCF5E06F3FF6AFAE4D
:10EC2000B5EB030C04BFB6EB020C5FEA500C50F1DD
:10EC3000000041EB045170BD0EF0004E4EEA113160
:10EC400014EB5C04C2BFD4EB0C0541EA045170BD67
:10EC500041F480114FF0000E013C90E645EA060EAB
:10EC60008DE60CEA135594EA0C0F08BF95EA0C0FD9
:10EC70003FF43BAF94EA0C0F0AD150EA01347FF421
:10EC800034AF95EA0C0F7FF425AF104619462CE7F8
:10EC900095EA0C0F06D152EA03353FF4FDAE10465B
:10ECA000194622E750EA410618BF52EA43067FF4AC
:10ECB000C5AE50EA41047FF40DAF52EA43057FF43C
:10ECC000EBAE12E74FF0FF3C06E000BF4FF0010C47
:10ECD00002E000BF4FF0010C4DF804CD4FEA410CAB
:10ECE0007FEA6C5C4FEA430C18BF7FEA6C5C1BD078
:10ECF00001B050EA410C0CBF52EA430C91EA030FF9
:10ED000002BF90EA020F0020704710F1000F91EA55
:10ED1000030F58BF994208BF90422CBFD8176FEA23
:10ED2000E37040F0010070474FEA410C7FEA6C5CF1
:10ED300002D150EA013C07D14FEA430C7FEA6C5CF8
:10ED4000D6D152EA033CD3D05DF8040B704700BF24
:10ED50008446104662468C461946634600E000BF72
:10ED600001B5FFF7B7FF002848BF10F1000F01BD44
:10ED70004DF808EDFFF7F4FF0CBF012000205DF80F
:10ED800008FB00BF4DF808EDFFF7EAFF34BF012094
:10ED900000205DF808FB00BF4DF808EDFFF7E0FF2D
:10EDA00094BF012000205DF808FB00BF4DF808ED7E
:10EDB000FFF7CEFF94BF012000205DF808FB00BFE5
:10EDC0004DF808EDFFF7C4FF34BF012000205DF8C7
:10EDD00008FB00BF4FEA410C7FEA6C5C02D150EAAD
:10EDE000013C0AD14FEA430C7FEA6C5C02D152EA43
:10EDF000033C02D14FF0000070474FF00100704714
:10EE00004FEA410212F5001215D211D56FF4787352
:10EE1000B3EB625212D94FEAC12343F0004343EAF5
:10EE2000505311F0004F23FA02F018BF40427047D0
:10EE30004FF00000704750EA013005D111F000405A
:10EE400008BF6FF0004070474FF00000704700BFF0
:10EE50004A0011D212F5001211D20DD56FF4787359
:10EE6000B3EB62520ED44FEAC12343F0004343EAAE
:10EE7000505323FA02F070474FF00000704750EAF9
:10EE8000013002D14FF0FF3070474FF00000704763
:10EE90000B460146184600F005B800BF0A220021C3
:10EEA00002F04EBC13460A460146022004F028B880
:10EEB000014B1868704700BFA8A2FF1F70B50F4E26
:10EEC0000F4D761BB61018BF002405D0013455F83D
:10EED000043B9847A642F9D10A4E0B4D761B08F029
:10EEE0005BFFB61018BF002406D0013455F8043B70
:10EEF0009847A642F9D170BD70BD00BFA47D010046
:10EF0000A47D0100C87D0100A47D010010B5044668
:10EF100000F020F82044407800F0030010BD00BF4E
:10EF200010B5044600F016F82044407800F00800C0
:10EF300010BD00BF034A044B1268506B002808BF85
:10EF400018467047A8A2FF1FACA2FF1FD0F8EC0024
:10EF5000704700BF08B5034B1868FFF7EBFFD0F808
:10EF6000EC0008BDA8A2FF1F024B0146186800F084
:10EF70000BB800BFA8A2FF1F024B0146186805F09E
:10EF800045B800BFA8A2FF1F2DE9F04F01F10B0506
:10EF9000162D83B0064640F29F8035F0070500F13C
:10EFA000BF80A94200F2BC8000F0F6FBB5F5FC7F03
:10EFB000C0F09C826B0A00F0BA80042B00F28381BF
:10EFC000A80900F1390E4FEA4E033830C44F07EB61
:10EFD0008303A3F108015C68A14207D1ACE0002AD9
:10EFE00080F2AC80E468A14200F0A680636823F060
:10EFF00003035A1B0F2AF2DDB9493C6901F1080EDF
:10F00000744500F0B381636823F003035A1B0F2A91
:10F0100000F39981002AC1F814E0C1F810E080F2F1
:10F020009E80B3F5007F80F06781DB0803F1010C5F
:10F0300001229B1002FA03F34A6851F83C80C4F89D
:10F04000088001EBCC091A43A9F10803E3604A6088
:10F0500041F83C40C8F80C40831001249C40944285
:10F0600000F28A80144206D120F0030064001442AA
:10F0700000F10400FAD007EBC009CC468046DCF86A
:10F080000C108C4507D173E1002A80F28181C96898
:10F090008C4500F06D814B6823F003035A1B0F2A47
:10F0A000F2DD0C46D1F80CC054F8088F4B1945F02E
:10F0B00001054D6042F00101C8F80CC03046CCF8A3
:10F0C00008807B613B61C3F80CE0C3F808E059603D
:10F0D0009A5000F063FB1FE0102921D800F05CFB80
:10F0E0001025062302207E4F07EB8303A3F10802BD
:10F0F0005C68944200F045816368E168A56823F08C
:10F100000303234430465A68E96042F001028D60EF
:10F110005A6000F043FB0834204603B0BDE8F08F8E
:10F1200000240C232046336003B0BDE8F08F802319
:10F130004FF0400E3F2049E770465DE72344E16809
:10F140005A68A56842F00102E96030468D605A6055
:10F1500000F024FB0834204603B0BDE8F08F2344C0
:10F1600030465A6842F001025A6000F017FB08343A
:10F17000204603B0BDE8F08FBC68636823F0030845
:10F18000A84504D3C5EB08030F2B00F38C80554B27
:10F19000DFF860911A68D9F8003001332A4404EB93
:10F1A000080A00F0608102F580520F3222F47F627B
:10F1B00022F00F0211463046019200F0E1FCB0F15E
:10F1C000FF3F8346019A00F05881824500F2FC809F
:10F1D000454B1968DA451144196000F05381D9F89C
:10F1E0000000DFF810E101301BBFCAEB0B0A5144ED
:10F1F000CEF800B019601BF0070100F01781C1F1D3
:10F200000800C1F58051834408315A44C2F30B020F
:10F21000C2EB010949463046019300F0B1FC431CA2
:10F22000019B00F03F81CBEB00024A4442F0010217
:10F230001968C7F808B04944BC42CBF804201960EB
:10F24000DFF8A49016D0B8F10F0F40F2FD8062688D
:10F25000A8F10C0323F00703E01802F001024FF0BD
:10F26000050E1A430F2B6260C0F804E0C0F808E0F6
:10F2700000F21C811D4BBC681A68914288BF19605E
:10F280001B4B1A689142626888BF196022F0030222
:10F290009542A2EB050301D80F2B04DC304600F0A9
:10F2A0007DFA002438E7621943F0010345F00105B7
:10F2B00065603046BA60536000F070FA083420464A
:10F2C00003B0BDE8F08F142B71D9542B00F2A48049
:10F2D000280B00F16F0E4FEA4E036E3076E600BF4A
:10F2E00018A4FF1F982A00209C2A0020942A00209E
:10F2F000902A002024A8FF1F5A0A042A5ED9142A43
:10F3000000F2B38002F15C0149005B3207EB810C33
:10F3100057F82110DFF8DC81ACF1080C8C4500F0C7
:10F3200088804A6822F00302934202D289688C45A1
:10F33000F7D1D1F80CC07A68C4F80CC0A160CCF841
:10F340000840CC6088E6631942F0010745F00105EA
:10F35000656030464B610B61C3F80CE0C3F808E010
:10F360005F609A50083400F019FAD5E64A6873E6EF
:10F3700008F1010818F0030F0CF1080C7FF47FAEC0
:10F3800030E0DC68A34208BF02303FF435AEB3E69C
:10F390000B440C465A68C96854F8085F42F00102F1
:10F3A0005A603046E9608D6000F0F8F9B4E603F188
:10F3B0005C0E03F15B004FEA4E0307E69A0902F187
:10F3C000390149003832A1E7BC424A4B3FF400AF53
:10F3D0009C68626822F003025AE759F80839994597
:10F3E00040F0828010F0030F00F1FF30F5D17B6810
:10F3F00023EA04037B6064009C423FF6BDAE002C10
:10F400003FF4BAAE1C4240467FF435AE64001C4265
:10F4100000F10400FAD02EE6B3F5AA7F18D8E80B65
:10F4200000F1780E4FEA4E037730CFE54FF480516C
:10F43000EBE60121D8F80430921001FA02F21A43E7
:10F44000C8F80420614677E70123CBF8043025E7AC
:10F4500040F25452934220D8A80C00F17D0E4FEA9E
:10F460004E037C30B2E51032A4E6542A26D81A0B9B
:10F4700002F16F0149006E3248E7BC68626822F011
:10F48000030205E7CAF30B0000287FF4A8AE42444C
:10F49000BB6842F001025A60ECE6FE234FF07F0E9B
:10F4A0007E2093E501224FF00009C1E604F1080136
:10F4B000304604F0ABFDD9F80010DBE6B2F5AA7FC8
:10F4C00005D8DA0B02F17801490077321EE740F2E5
:10F4D00054518A4205D89A0C02F17D0149007C32D0
:10F4E00014E7FE217E2211E77B6884E7E808431CCD
:10F4F0005B00F8E518A4FF1F82B049B15AB16BB1A7
:10F5000013780B601278101C18BF012002B07047EE
:10F5100001A9002AF3D1104602B070476FF0010034
:10F52000F4E700BFFFFFFFFFFFFFFFFFFFFFFFFF4D
:10F5300001F0FF01102A2BDB10F0070F08D010F8A4
:10F54000013B013A8B422DD010F0070F42B3F6D1A8
:10F55000F0B441EA012141EA014122F007047FF0C1
:10F5600000070023F0E80256083C85EA010586EA18
:10F57000010685FA47F5A3FA87F586FA47F6A5FA54
:10F5800087F68EB9EED1F0BC01F0FF0102F0070260
:10F5900032B110F8013B013A83EA010313B1F8D10B
:10F5A0000020704701387047002D06BF35460338EC
:10F5B000073815F0010F07D1013015F4807F02BF25
:10F5C000013015F4C03F0130F0BC0138704700BF76
:10F5D000032A70B426D940EA01039B0711D00478AE
:10F5E0000D78AC4222D10244431C05E013F8014BD4
:10F5F00011F8015FAC4219D19342F7D1002070BCE1
:10F6000070470C4603461E682568AE4218462146E0
:10F6100003F1040304F10404E1D1043A032A184677
:10F620002146F0D8002ADAD11046E8E7601B70BC0A
:10F63000704700BF8842F0B50DD98B1898420AD2A6
:10F640008118002A51D09A1A13F8014D01F8014D82
:10F650009342F9D1F0BD0F2A48D941EA00039B0734
:10F6600046D100F1100401F11003154653F8106C57
:10F6700044F8106C53F80C6C44F80C6C53F8086C9C
:10F6800044F8086C103D53F8046C44F8046C0F2DDA
:10F6900003F1100304F11004E8D8A2F1100323F0E1
:10F6A0000F0302F00F0E1033BEF1030F1944034491
:10F6B00021D91E1F0D467446043C55F8047B46F8BC
:10F6C000047F032CF8D8AEF1040424F003040434BE
:10F6D0002344214402F0030262B1013B0A4411F8C1
:10F6E000014B03F8014F8A42F9D1F0BD0346F3E71D
:10F6F0000346F2E7F0BD7246EEE700BF70B4840740
:10F7000046D0541E002A41D0CDB2034602E0621E0C
:10F71000E4B3144603F8015B9A07F8D1032C2ED901
:10F72000CDB245EA05250F2C45EA054519D903F167
:10F7300010022646103E0F2E42F8105C42F80C5C78
:10F7400042F8085C42F8045C02F11002F2D8A4F11D
:10F75000100222F00F0204F00F041032032C1344A5
:10F760000DD91E462246043A032A46F8045BFAD80D
:10F77000221F22F003020432134404F003042CB1CC
:10F78000C9B21C4403F8011BA342FBD170BC7047F3
:10F7900014460346C2E700BF704700BF704700BF72
:10F7A0002DE9F04F174683B0002900F0C1800E46C6
:10F7B000814607F10B05FFF7EFFF56F804EC162D15
:10F7C0002EF00304A6F1080840D810221546AF42D7
:10F7D00041D8944275DAC94B996808EB0400884215
:10F7E000416800F0D98021F0010303445B68DB0726
:10F7F0007DD51EF0010F35D039464846FFF7C4FBD2
:10F800000746E0B156F8043C23F001034344A0F15D
:10F8100008029A4200F04481221F242A00F231811A
:10F82000132A00F2048103463246116819605168B8
:10F83000596092689A603146484604F0E7FB4846B2
:10F84000FFF7ACFF384603B0BDE8F08F25F00705A1
:10F85000002D2A46BBDA0C230020C9F8003003B083
:10F86000BDE8F08F56F8083CC3EB080ADAF804301C
:10F8700023F0030C04EB0C039342BDDB5746DAF88C
:10F880000C1057F8080F221F242AC160886000F26C
:10F890001781132A40F212813168CAF80810716882
:10F8A000CAF80C101B2A00F22B8108360AF110024C
:10F8B0003168116071685160B16891603E461C46C4
:10F8C000D046631B0F2B1DD8D8F8043003F001037A
:10F8D00023434444C8F80430636843F00103636081
:10F8E0004846FFF75BFF304603B0BDE8F08F21F0DC
:10F8F00003012144914221DBC36882680C46D36036
:10F900009A60DEE7D8F8042008EB050102F0010256
:10F91000154343F001020B44C8F804504A605A688A
:10F9200042F0010208315A60484604F06FFBD7E705
:10F93000114603B0BDE8F04FFFF726BB1EF0010FE4
:10F940007FF45AAF56F8083CC3EB080ADAF80430E3
:10F9500023F0030C01EB0C0E96458BDBC368826829
:10F960005746D3609A6057F8081FDAF80C30CB601E
:10F97000221F242A996000F29980132A62D93368E1
:10F98000CAF808307368CAF80C301B2A00F2A0804D
:10F9900008360AF1100356E021F0030BA34405F1E9
:10F9A0001000834559DA1EF0010F7FF425AF56F899
:10F9B000081CC1EB080ADAF8041021F0030CE34438
:10F9C00058453FF757AF5746DAF80C1057F8080F6D
:10F9D000221F242AC160886000F2B480132A40F2FA
:10F9E000A5803168CAF808107168CAF80C101B2A83
:10F9F00000F2AF8008360AF11002316811607168B8
:10FA00005160B16891600AEB0501C5EB0B0242F051
:10FA1000010299604A60DAF8043003F001031D43E3
:10FA20004846CAF80450FFF7B9FE38465CE7336829
:10FA30000360736843601B2A27D800F1080306F1AE
:10FA40000802F2E63B4632681A6072685A60B26891
:10FA50009A603E467446D04633E708EB0501C5EB95
:10FA60000B0B4BF0010299604A6056F8043C03F01E
:10FA700001031D43484646F8045CFFF78FFE3046FD
:10FA800032E73146FFF7D6FDD5E6B3688360F36809
:10FA9000C360242A28D000F1100306F11002C4E646
:10FAA00050F8043C23F003031C440AE7314638466F
:10FAB0007446D046FFF7BEFD3E4602E73A46F7E6FB
:10FAC000314638461C46D046FFF7B4FD3E46F8E6C0
:10FAD000B368CAF81030F368CAF81430242A1BD06F
:10FAE00010360AF11803AEE73369036173694361A5
:10FAF00006F1180200F1180397E600BF18A4FF1FD3
:10FB0000B168CAF81010F168CAF81410242A0FD08E
:10FB100010360AF11802CBE63369CAF81830736957
:10FB2000CAF81C3018360AF120038CE73A4664E71D
:10FB30003269CAF818207269CAF81C2018360AF10E
:10FB40002002B5E6314638460193FFF773FD019B6D
:10FB500059E7B168CAF81010F168CAF81410242ADD
:10FB600003D010360AF1180247E73269CAF81820A4
:10FB70007269CAF81C2018360AF120023DE700BF5E
:10FB800038B5074C0023054608462360FBF784FD83
:10FB9000431C00D038BD2368002BFBD02B6038BD40
:10FBA000D82A00200EB4F0B59CB021AB0F4953F811
:10FBB000042B019305466FF00044086802954FF44A
:10FBC00002774FF6FF7602A90695ADF814700494FB
:10FBD0000794ADF8166001F0C9FD029B00221A706F
:10FBE0001CB0BDE8F04003B0704700BFA8A2FF1FE3
:10FBF000F8B507460E4617F8014BFFF7ABF920445E
:10FC00002546437803F00303012B08BF04F12005C8
:10FC100016F8014BFFF79EF92044437803F00303E5
:10FC2000012B04D0281B01D1002CE4D1F8BD2034D5
:10FC3000281BE0D0F8BD00BF70B411F0FF0434D031
:10FC400085070FD00378002B5AD09C422BD0431C41
:10FC500005E013F8012B002A4FD0944223D09A07D5
:10FC60001846F6D10E0206F47F462643036846EA9C
:10FC7000064601E050F8043F86EA0305A5F101328B
:10FC8000A3F1013122EA050221EA0303134313F031
:10FC9000803FEFD0037823B932E010F8013F002B0A
:10FCA0002ED09C42F9D170BC704784070BD00378EA
:10FCB000002BF8D0431C03E002780133002AF2D075
:10FCC00099071846F8D10268A2F1013323EA02032A
:10FCD00013F0803F08D150F8042FA2F1013323EA3A
:10FCE000020313F0803FF6D00378002BDBD010F82E
:10FCF000013F002BFBD170BC7047104670BC7047B1
:10FD0000184670BC704700BFFFFFFFFFFFFFFFFFFB
:10FD1000FFFFFFFFFFFFFFFFFFFFFFFFFFFFFFFFF3
:10FD2000A2EB0300704700BF02780B78012A28BFBE
:10FD30009A42F5D16DE9044540EA0104CDE9026734
:10FD40006FF0000C4FEA447212B380EA010414F021
:10FD5000070F6AD100F0070420F0070004F0030544
:10FD600021F007014FEAC505F0E8042314F0040F61
:10FD7000F1E804670CFA05F462EA040266EA040694
:10FD80000AD063EA0403624667EA0407664603E0B2
:10FD9000F0E80423F1E8046782FA4CF582EA0604ED
:10FDA000A4FA8CF46CBB83FA4CF583EA0705A5FA38
:10FDB0008CF595B950E9022351E9026782FA4CF5B6
:10FDC00082EA0604A4FA8CF483FA4CF583EA070568
:10FDD000A5FA8CF52543DBD09CB92DBAB5FA85F48C
:10FDE00024F0070427FA04F1DDE9026723FA04F39B
:10FDF00003F0FF0001F0FF01FDE80445A0EB010066
:10FE0000704724BAB4FA84F424F0070426FA04F103
:10FE1000DDE9026722FA04F202F0FF0001F0FF01BF
:10FE2000FDE80445A0EB0100704714F0030F3CD13E
:10FE300010F0030428D150F8082B51F8083B82FA3F
:10FE40004CF582EA0305A5FA8CF55DB950F8042C4F
:10FE500051F8043C82FA4CF582EA0305A5FA8CF5C8
:10FE6000002DE8D02DBAB5FA85F424F0070423FA62
:10FE700004F122FA04F202F0FF0001F0FF01FDE8B4
:10FE80000445A0EB010070474FEAC40420F00300D2
:10FE900050F8082B21F0030151F8083B0CFA04F448
:10FEA00062EA040263EA0403C9E710F003041AD00B
:10FEB000A1EB040120F00300E40750F8042B06D066
:10FEC0000FD28B785FFAA2F4E41A06D12BB1CB786B
:10FED0005FFAB2F4E41A00D11BB920465DF8104B6A
:10FEE000704701F1040150F8042BCC0721F0030105
:10FEF00051F8043B48D824D222F07F4482FA4CF5D2
:10FF000094EA1325A5FA8CF50AD165B951F8043B9A
:10FF100084EA0204B4EB036F0ED150F8042BEBE734
:10FF20004FEA132355E035F07F454DD10878FDE8C1
:10FF30000445C0F1000070474FEA126203F0FF036E
:10FF400047E002EA1C4482FA4CF594EA1345A5FA0C
:10FF50008CF50AD165B951F8043B84EA0204B4EB8C
:10FF6000034F0CD150F8042BEBE74FEA134330E07A
:10FF700015EA1C4528D10B884FEA124229E04FEAC6
:10FF8000124203EA1C4324E002F0FF0482FA4CF51B
:10FF900094EA1365A5FA8CF50AD165B951F8043BCA
:10FFA00084EA0204B4EB032F09D150F8042BEBE7E9
:10FFB0004FEA13630DE015F0FF0F05D10B684FEA10
:10FFC000122223F07F4304E04FF00000FDE80445D7
:10FFD000704712BA1BBA82FA4CF482EA0304A4FAFC
:10FFE0008CF5B5FA85F402FA04F203FA04F34FEA49
:10FFF0001260FDE80445A0EB1360704780EA01023F
:020000021000EC
:10000000844612F0030F4FD111F0030F32D14DF897
:10001000044D11F0040F51F8043B0BD0A3F1013251
:100020009A4312F0803F04BF4CF8043B51F8043B64
:1000300016D100BF51F8044BA3F101329A4312F0DC
:10004000803FA4F101320BD14CF8043BA24312F0E3
:10005000803F04BF51F8043B4CF8044BEAD02346E0
:100060000CF8013B13F0FF0F4FEA3323F8D15DF892
:10007000044B704711F0010F06D011F8012B0CF85A
:10008000012B002A08BF704711F0020FBFD031F8D2
:10009000022B12F0FF0F16BF2CF8022B8CF8002059
:1000A00012F47F4FB3D1704711F8012B0CF8012BDC
:1000B000002AF9D1704700BFFFFFFFFFFFFFFFFFDE
:1000C00090F800F06DE9024520F007016FF0000C98
:1000D00010F0070491F820F040F049804FF0000440
:1000E0006FF00700D1E9002391F840F000F108001B
:1000F00082FA4CF2A4FA8CF283FA4CF3A2FA8CF353
:100100004BBBD1E9022382FA4CF200F10800A4FAB9
:100110008CF283FA4CF3A2FA8CF3E3B9D1E904230D
:1001200082FA4CF200F10800A4FA8CF283FA4CF344
:10013000A2FA8CF37BB9D1E9062301F1200182FAFE
:100140004CF200F10800A4FA8CF283FA4CF3A2FA04
:100150008CF3002BC6D0002A04BF04301A4612BA12
:10016000B2FA82F2FDE8024500EBD2007047D1E915
:10017000002304F00305C4F100004FEAC50514F0A4
:10018000040F91F840F00CFA05F562EA05021CBF75
:1001900063EA050362464FF00004A9E7002A41D054
:1001A00040EA010313F00303F0B425D1032A23D955
:1001B00004680D68AC421FD1043A35D0A4F1013572
:1001C00025EA040414F0803F31D1071D0D1D0DE018
:1001D00057F8043B0E68A3F10134B34224EA030448
:1001E0000AD1043A20D014F0803F23D1032A2946B3
:1001F000384605F10405EBD803780C789C4202F1EF
:10020000FF320CD182B114B916E06AB17BB110F89B
:10021000013F11F8014FA34202F1FF32F5D0181B44
:10022000F0BC7047104670471046F0BC7047184647
:10023000F0BC70470020F3E72046F1E72DE9F041DC
:100240004FF0010E744600254FF0FF362B198B42FC
:1002500000EB06070DD23F5D10F803C0BC452DD260
:100260001D460124C6EB030E2B198B4200EB06073B
:10027000F1D34FF00108C2F800E0444600254FF0EA
:10028000FF372B19994200EB070E0ED91EF804E038
:1002900010F803C0F44518D91D460124C7EB030824
:1002A0002B19994200EB070EF0D80137701C8742DA
:1002B00024BFC2F800803846BDE8F0810CD04FF072
:1002C000010E2E4674467544C0E70CD04FF001086D
:1002D0002F4644464544D4E7744509BFA646013439
:1002E0001D460124B2E7444509BFA04601341D461E
:1002F0000124C6E72DE9F04FADF2144D1646054630
:100300008B461046194603AA1C46FFF797FF03AB1E
:1003100081460DF20C4243F8044F9342FBD14CB19D
:10032000631E324604A812F8011B40F8213013F175
:10033000FF33F8D203994A4631443046FFF748F973
:10034000002871D109F1FF330093F318824601931D
:1003500023468046544658469A4608EB0A073A1AFE
:1003600000212844FFF7E4F8002858D1002F56D088
:10037000EB1904AA13F8013C52F823304BB124B115
:10038000039A934201D2C2EB0A03984400243846F0
:10039000E3E74C4523460AF1FF3E38BF4B46734521
:1003A00013D208EB030216F803C0A85C84452A4464
:1003B00006EB030106D02EE011F801CF12F8010F71
:1003C000844528D101337345F6D34C45009980F01C
:1003D0008B80009B019808EB03020378A85C8342A2
:1003E0002A4440F08180019B06EB040B06E013F8E1
:1003F00001ED12F8010D864504D161469B4501F1DE
:10040000FF3CF4D101348C4270D8039C3846A044A0
:10041000C4EB0A04A1E7C9F101029044B5E700204A
:100420000DF2144DBDE8F08FC9EB04034B4538BF06
:100430004B46013309F1FF38039306EB0803584696
:100440004FF0000ACB4699460AEB04073A1A0021FE
:100450002844FFF76DF80028E1D1002FDFD0EB1919
:1004600004AA13F8013C52F82330A3BB611E8B454C
:1004700015D20AEB0B0216F80B3015F802E09E4578
:100480002A4406EB0B005B4606D027E010F801CFAC
:1004900012F801EFF44521D101338B42F6D3B8F1C4
:1004A000FF3F11D00AEB080299F80010AB5C9942AB
:1004B0002A440FD14B4605E013F8010D12F8011D37
:1004C000884207D1B342F7D105EB0A000DF2144D73
:1004D000BDE8F08F039B9A443846B5E7CBF10102A3
:1004E00092449A443846AFE749468BE705EB08004B
:1004F00096E700BF0378002B00F004812DE9F04F50
:1005000091F8008085B04446B8F1000F16D08646B9
:1005100001F1010C012703E012F8014B6CB1944684
:100520009C4214BF002707F001071EF8013F6246F6
:10053000002BF1D19CF800300BBB17B105B0BDE822
:10054000F08F0E46054641460130C6EB0C04FFF71E
:1005500073FB074698B1012CF0D02819874294BF4D
:10056000C7EB000B4FF0010B1F2C0CD92346324672
:1005700059463846FFF7BEFE05B0BDE8F08F0020B3
:1005800005B0BDE8F08F03AA21463046FFF756FEBE
:1005900003998046024631443046FFF719F8002897
:1005A00058D108F1FF330193F318814605460093B3
:1005B0005846B2466619321A00213844FEF7B8FF91
:1005C0000028DCD1002EDAD0C845434638BF4B4660
:1005D0009C4212D95A191AF80310B85C88423A445E
:1005E0000AEB030E06D02DE01EF8010F12F8011FD2
:1005F000884227D101339C42F6D8019BC845194651
:1006000040F28380EA1800980378B85C83423A4449
:100610007BD1009B0AEB090B06E013F801CD12F821
:1006200001EDF44504D101465B4501F1FF30F4D101
:1006300009F10109894557D8039B30461D44C3EB96
:100640000409B7E7C8F1010215441D444FF0000941
:100650003046AFE7C8EB0403434538BF4346013398
:1006600008F1FF39039306EB090358460025BB4602
:100670009A4667193A1A00215844FEF759FF002894
:100680007FF47DAF002F3FF47AAF444515D908EBD6
:10069000050216F808301BF8020098425A4406EB8F
:1006A0000801434606D023E011F801EF12F8010FCC
:1006B00086451DD101339C42F6D8B9F1FF3F12D0D7
:1006C00005EB09029AF800101BF8023099425A44CF
:1006D00014D1534605E013F8010D12F8011D8842AC
:1006E0000CD1B342F7D15F46781905B0BDE8F08F61
:1006F000C8F1010215441D443846BAE7039B384649
:100700001D44B6E70B7813B97047414690E70020C7
:10071000704700BF2DE9F0410F46904604F020FCE1
:1007200004460D46B8F1000F11D0C7F30A53C3F1C8
:100730006B03002B0BDD1B0503F17F55002405F532
:10074000401522462B46FEF7ABF8BDE8F081204667
:100750002946BDE8F08100BF2DE9F04F1D46A1B04C
:100760000023834628460E4607921C9304F0EAF8BD
:100770000024002382460068CDE90434FFF7A0FC82
:100780001B9681463246144612F8017B2D2F00F24B
:10079000B180DFE807F017AFAFAFAFAFAFAFAF8358
:1007A00083838383AFAFAFAFAFAFAFAFAFAFAFAF09
:1007B000AFAFAFAFAFAF83AFAFAFAFAFAFAFAFAF75
:1007C000AF2DAF80079B4FF000094FF0000A53B1E7
:1007D00000230893079B1E60089B23B149460AF13A
:1007E000004389469A464846514621B0BDE8F08FFD
:1007F00000230893621C1B926778002FE2D0302FF1
:1008000014467BD000230A940993A7F13003092BE7
:1008100000F2DB834FF00008204645464446082C92
:10082000C8BF08EB880805EB850300F1010007EB62
:1008300043031B90C4BF07EB4807A7F130080778B4
:10084000D8BFA3F13005A7F13003092B04F101044F
:10085000E5D9DAF800104A46FFF7A0FC00B3002003
:100860003B4681460746A246652B00F0B280452BE9
:1008700000F0AF800022002C52D118B9099A002A4A
:1008800000F0C7824FF000094FF0000A079B002BD1
:10089000A2D01B9E9EE701230893ABE71B9272E751
:1008A0001B9B03EB09021B9213F809300746A24673
:1008B000A3F13002092A00F27182411C1346002A7A
:1008C00000F06E8601290F4418BF001905D100F011
:1008D00063BE4D00844200F0AE840134611E0829DD
:1008E00005EB8501F5DD102CDCBF08EB88084FEA2D
:1008F0004808EFE70023302F089383D16378582B03
:1009000000F04783782B00F0448301341B94277850
:10091000302FFAD0002FB5D001230A94099374E741
:10092000102CA2EB07032846A1460C93A8BF4FF05A
:100930001009FDF73FFFBAF1000F08BFA246B9F159
:10094000090FCDE9040113DD494B03EBC90353E95A
:100950001223FDF7A5FF064640460F46FDF72AFF86
:1009600002460B4630463946FDF7E8FDCDE9040165
:100970000F2C00F385800C9B002B27D040F3F384D1
:100980000C9B162B00F37084394F07EBC307D7E994
:100990000001DDE90423FDF783FF81468A4675E700
:1009A0001BA8344903F0F6FE00283FF40BAF1B9B55
:1009B0003149013B1BA81B9303F0ECFE10B91B9BB4
:1009C00001331B932D4B059300230493DDE9049A17
:1009D0005CE7002C00F0D6811B9E731C1B93737880
:1009E0002B2B00F0D3822D2B00F00B824FF0000C4C
:1009F000A3F13002092A00F2C682302B05D11B9ADE
:100A000001321B921378302BFAD0A3F13102082A5D
:100A10003FF630AF1B9A0D92511C303B1B910C934B
:100A20005378A3F1300EBEF1090F0FD80C9A0131A3
:100A30001B9102EB820203EB42020B78A3F1300E12
:100A4000BEF1090FA2F13002F1D90C920D9A891A68
:100A5000082900F301840C9A44F61F618A42A8BF5A
:100A60000A46BCF1000F3FF406AF524203E700BF55
:100A7000987C0100C4790100C87901000000F07F72
:100A80000C9BC9EB04099944B9F1000F40F37A8338
:100A900019F00F010AD0B44B03EBC101D1E90001F9
:100AA000DDE90423FDF7FCFECDE9040139F00F0672
:100AB00040F00682002309930095234652460A9986
:100AC000584603F0BFFF1090002800F0D9820C9A1E
:100AD0000026002AC2F10003A8BF33460D9322EA84
:100AE000E2730C933746B246109C5846616803F097
:100AF00039FF8046002800F025832269023204F184
:100B00000C0192000C30FAF703FDDDE904341EA855
:100B10001DA9CDE90A341A46019023460091584692
:100B200004F0AAFA1C90002800F02F8401215846F6
:100B300004F022F80746002800F004831D9A002ADA
:100B4000C0F228810D9B0C9D9E1809981E9B874919
:100B5000121A1A44013A8A42C3F1360380F2E7803E
:100B6000891A1F29A3EB010300F31B8101228A408C
:100B70000F9200221192F4181D44099BA64232469E
:100B80001D44A8BF2246AA42A8BF2A46002A02DD69
:100B9000A41AAD1AB61A0D9BBBB139461A4658466F
:100BA00004F08CF80746002800F0CC8201461C9A1D
:100BB000584603F0EBFF002800F0C4820E901C9909
:100BC000584603F0F5FE0E9A1C92002C08DD2246D2
:100BD0001C99584604F0C2F81C90002800F0D583F8
:100BE0000C9B43B141460C9A584604F067F8804686
:100BF000002800F0A782002D08DD41462A4658460D
:100C000004F0ACF88046002800F09C82002E08DD3D
:100C100039463246584604F0A1F80746002800F04D
:100C2000918242461C99584604F010F982460028E9
:100C300000F088820026C368C66039460E9304F02F
:100C4000E5F8B042C0F2B88300F007843946504658
:100C500004F06EFA00224FF0804304460D46FEF782
:100C60009BF8002868D00E9B002B00F0A280059B0B
:100C70003F4D0F9699463E4B119300243D4E3E4BFF
:100C80004A4616409E4200F0D181099B33B3B6F12B
:100C9000D46F23D8DDF844900F98494630A3D3E9A8
:100CA0000023FEF779F8B0B10F984946FEF7D0F867
:100CB000002800F03583FDF77DFD0F9011910E9B0C
:100CC000002B40F028830F9B1493119B03F10043EA
:100CD0001593DDE9144505F1D6639D1BDDE90A0195
:100CE00004F03EF902460B4620462946FDF7D8FDA2
:100CF000DDE90A23FDF722FCCDE904010C46099B3E
:100D000023B91C4B23409E4200F0DE811C995846BB
:100D100003F04EFE4146584603F04AFE3946584617
:100D200003F046FE5146584603F042FEDCE6002240
:100D3000119201220F921EE7104B204629460022F5
:100D4000FDF7AEFD0E9B0F901191002B54D101F1D8
:100D5000004312901393059BDDE9124599468DE7F8
:100D60000000C0FFFFFFDF41987C010002FCFFFF95
:100D70000000F03F0000F07F0000E07F0000E03F57
:100D80004FF00109002842D1099B002B3FF41AAD16
:100D9000044621E60C9B0D9E9D1AD6E64FF00109F4
:100DA00062E5BD4CA41A012202FA04F111910F92DE
:100DB000E1E6DDE90412002940F0C780C2F3130325
:100DC0009146002B40F0C7800022B44B20462946B4
:100DD000FDF7D8FF002840F06283B14B204629463A
:100DE0000022FDF75DFD01F100430F901890119175
:100DF0001993DDE9184541E70F9A119BCDE91223BC
:100E0000A9E74FF0010CB31C1B93B378F0E5002465
:100E1000E2E5B9F1000F7FF4D5AC493B252B3FF655
:100E2000D1AC01A252F823F0A1090100C5070100CD
:100E3000C5070100C5070100C5070100650F0100D6
:100E4000C5070100C5070100C5070100C50701006E
:100E5000C5070100C5070100C5070100C50701005E
:100E6000C5070100C5070100C5070100C50701004E
:100E7000C5070100C5070100C5070100C50701003E
:100E8000C5070100C5070100C5070100C50701002E
:100E9000C5070100C5070100C5070100C50701001E
:100EA000C5070100C5070100A1090100C507010030
:100EB000C5070100C5070100C5070100650F010056
:100EC000B6F59A7F00F3DC803611012EDFF8F4913D
:100ED00040F30283DDE9040100234F46984616F0F3
:100EE000010F08F101084FEA660604D0D7E9002394
:100EF000FDF7D6FC0123012E07F10807EFD1002BE7
:100F000040F05C83059BA3F15473059309EBC8087B
:100F1000DDE90423D8E90001FDF7C2FC21F000431C
:100F20001B0D604A1B059342CDE9040100F2A88025
:100F3000A2F58012934240F2BB825B4B05930023E3
:100F400009934FF0FF330493B6E5DDE9041201295C
:100F500000F0EA81914600230F93504B534D1193BB
:100F600000248BE61BA8524903F014FC00283FF430
:100F700029AC1B9B1B78282B00F0FC824D4B059362
:100F80000023049322E51B96002274E44FF0000C2A
:100F900039E7089A02951CAB01920093464A1DABB3
:100FA0001BA9584603F06EF910F0070605463FF4FA
:100FB00069AC062E40F07481013400231B944FF07D
:100FC00000094FF0000A089360E4DAF800102046A8
:100FD0004A46FFF7E3F848B14FF0000A3B46D046D7
:100FE0005546504657465446D1463DE41B9B03EBBD
:100FF00009021B9213F80930302B06D101321B92E3
:101000001378302B00F10100F8D0A3F13102082A47
:1010100040F29A814FF0000A652BD046554657465C
:101020003FF4AEAE54464FF0010920E4A9F15473E9
:101030000593DDE904231046194603F091FF0246AB
:101040000B4620462946FDF72BFCDDE90423FDF77E
:1010500075FA21F00043CDE904011B0D174ADDE9C3
:101060000A011B059342CDE9160140F2F8800E4BB0
:10107000994264D00C4B05934FF0FF33049345E63F
:101080000F4B0593002222230492DDE9049ACBF84A
:101090000030FFF7FBBB00BFE2FBFFFF0000F03FAB
:1010A0000000E03F0000A07CFFFFEF7F0000F0BFEA
:1010B000D07901000000F8FF107A0100FFFF9F7C4B
:1010C0000000F07F707D01000F9E119D3046294683
:1010D000FDF796FEFDF77EFB0B460246294630469D
:1010E000FDF72AFA0E9B05460E46002B36D1049BCF
:1010F000002B33D1C4F3130484BBA5A3D3E900238D
:10110000FDF740FE00283FF401AE5646DDE9049AA3
:101110001C980146584603F04BFC4146584603F0E4
:1011200047FC3946584603F043FC1099584603F0F3
:101130003FFC3146584603F03BFCFFF7A7BB169B2C
:10114000013397D156461C98974B059300222223D2
:101150000492DDE9049ACBF80030DAE78EA3D3E9F4
:10116000002328463146FDF70DFE0028CDD1284644
:1011700031468BA3D3E90023FDF722FE00283FF47C
:10118000C5ADC2E73FF496ACC9F1000616F00F02F8
:101190000AD0864B03EBC203DDE90401D3E9002347
:1011A000FDF7A8FCCDE9040136113FF483AC1F2EF6
:1011B00038DC16F0100300F0C2816A23002E099378
:1011C00013DDDDE904017A4F0023F20704D5D7E9E6
:1011D0000023FDF765FB0123761007F10807F4D122
:1011E000002B40F0EE81099B9BB1DDE90412C2F3B4
:1011F0000A53C3F16B03002B11460ADD1F2B40F38A
:10120000A6810022342B049240F3D0814FF05C730E
:10121000059300220023DDE90401FDF7A9FD002864
:101220003FF44AAC2223CBF800304FF000094FF0D6
:10123000000AFFF72BBB1B990134082840F38D806F
:10124000102CDCBF08EB880802EB480800204B1C80
:101250001B934B78FFF72CBB44F61F6201E4059B00
:1012600003F1547405944AE50C9EC4F125039E4293
:101270003FF706AC4D4DC4F10F0405EBC401341B20
:10128000DDE90423D1E9000105EBC405FDF708FB06
:10129000D5E90023FDF704FB81468A46FFF7F6BA3D
:1012A0001C9A3AB135211EA803F06CFF58461C99D0
:1012B00003F07EFB062E0BD8DFE806F0291D18137D
:1012C000041D29006FF0004305934FF0FF33049392
:1012D00029077FF57BAB059B43F000430593FFF7A0
:1012E00075BB314B059300230493F1E71E9B0493D8
:1012F0001F9B0593ECE71D9A1F9B1E99049102F218
:10130000334223F4801343EA02530593E0E70023BA
:1013100005930493DCE70F9A119BCDE91423D8E4DD
:10132000244A11920F90CAE4DDE904129146002A82
:101330007FF411AE56462223CBF800301C984FF0B4
:1013400000094FF0000AE4E61B9A0A920025303BA0
:10135000471C1146AA46A846012405EB850503EB68
:101360004505002073E70C9911F1160FFFF688ABC5
:101370000E4AA2EBC102D2E90023DDE90401FDF728
:10138000B9FB81468A46FFF781BA5646DCE600BFC4
:101390009535A094FFFFCF3F9535A094FFFFDF3F29
:1013A00035E5AF350000E03F0000F07F987C01009C
:1013B000E87901000000F03F0E9B5646DDE90A9AED
:1013C0007BBBDDE9041261BBC2F31303144643BBCC
:1013D00022F000431B0D1B05B3F1D66F21D97369B1
:1013E00013B93369012B1CDD31460122584603F045
:1013F000B5FC3946064603F009FD002811DD099BBE
:10140000002B40F0AC80704B2340A3F580136FEAB3
:1014100013536FEA035305934FF0FF330493DDE951
:10142000049A099BBBB1694B179300231693DDE91E
:10143000162348465146FDF733FA03460C468146CB
:101440008A46CDE9043431B9049B23B922231C9880
:10145000CBF800305DE61C985BE60E9B5646DDE956
:101460000A9A53B3DDE90445594BC5F31301994278
:101470002A4646D0119B53B3059A1342D1D00E9BF6
:10148000099ADDE9040153B3FFF744F902460B461C
:1014900048465146FDF752F881468A46C1E74D4B12
:1014A0004D4C11930023CDE918340E9B0F93A0E40B
:1014B00001F154730593FFF7FDBADDE90412C2F39D
:1014C00013031446002BD5D10029D3D197E70F9BE6
:1014D000049A1342A5D0D2E74FF0000812E5FFF7B7
:1014E00019F902460B4648465146FDF725F80022F9
:1014F000002381468A46FDF73BFC00287FF41BAFA2
:101500008FE7099B0499FBB12F4B2B40B3F1D46FAC
:101510001AD81B0DC3F16B034FF0FF3000FA03F331
:101520008B42A7D12D498A423DD0274B134003F56A
:101530008013059300230493DDE9049A71E7002EDC
:1015400009933FF73EAE64E64FF0FF33E8E74FF014
:10155000FF3202FA03F3049A1A40049259E61A4B36
:101560002340B3F1D66F3FF750AFB3F15C7F3FF745
:101570005AAFE0E61BA81EAA194903F023F9052873
:101580007FF4FCAC1F9B43F0FF4343F4E00305935F
:101590001E9B0493FFF71ABA20461B9901344CE6B0
:1015A00008461B9953E60133BFD1CCE5203B4FF0F1
:1015B000FF3202FA03F30B4005932AE6CDE904015A
:1015C000A0E4CDE904010EE60000F07F00005039F0
:1015D000FFFF0F000000E03F0000E0BFFFFFEF7FD4
:1015E000D4790100064B30B41C68064D636B0A4683
:1015F000002B08BF2B460146204630BCFFF7ACB895
:10160000A8A2FF1FACA2FF1F2DE9F84FDDF828901C
:101610000F46804616461D468B4600E0A3465C46B4
:10162000484614F801ABFDF791FC5044417801F0B5
:10163000080101F0FF0C0029F0D152462D2A61D09B
:101640002B2A04BF9BF801200BF10204002D43D08C
:10165000102D65D0A946BCF1000F0CBF6FF0004AF9
:101660004FF0004A0021BAFBF9FE084609FB1EAA0A
:1016700005E029D009FB0030012114F8012BA2F16B
:101680003003092B05D9A2F14103192B0AD8A2F185
:1016900037039D420EDD4A1CEFD08645E9D24FF05C
:1016A000FF31EAE7A2F16103192B03D8A2F1570336
:1016B0009D42F0DC4B1C15D0BCF1000F10D14EB197
:1016C000E1B93760BDE8F88F9A45D3DA70464FF03C
:1016D000FF31D2E7BDE8F88F302A1AD00A25B9E7E2
:1016E0004042ECE7BCF1000F4FF022030CBF6FF05B
:1016F00000404FF00040C8F80030F6B1671E376078
:10170000BDE8F88F0BF102049BF801204FF0010CAB
:101710009CE7237803F0DF03582B08D0082599E7CE
:10172000302A97D1237803F0DF03582B92D14FF062
:10173000100962784D4602348DE7BDE8F88F00BF8E
:1017400030B5084C084B25686C6B83B0002C08BF83
:101750001C46009413460A4601462846FFF754FFEC
:1017600003B030BDA8A2FF1FACA2FF1F2DE9F04FB0
:10177000C1B00C46099115460E930A9003F0E4F8A7
:10178000036817931846FEF79BFCA38916901E0664
:1017900003D52369002B01F01A8100231A46129306
:1017A0002593249319930B93DFF864A4149230AB20
:1017B000239399461592A84698F800304446EBB119
:1017C000252B02D11AE0252B03D014F8013F002B62
:1017D000F9D1C8EB04058DB1249B259AC9F8008086
:1017E00001332A44072BC9F804502592249300F3AF
:1017F000A68009F108090B9B2B440B932378002B3F
:1018000000F0A68000231A468DF86F3019460C931D
:1018100007934FF0FF3B637804F101085D4608F140
:101820000108A3F12000582800F22584DFE810F019
:1018300088032304230490032304230423042304A0
:10184000230423049703A50323045D00E20023047B
:10185000FE00050105010501050105010501050160
:101860000501050123042304230423042304230482
:101870002304230423042304150181022304810289
:101880002304230423042304C60223042304CD02D7
:1018900023042304230423042304F702230423043E
:1018A00025032304230423042304230423042304FF
:1018B0002304230423046603790381028102810245
:1018C0008103790323042304D1032304DB03A3004E
:1018D0006400EE032304F5032304AA032304230472
:1018E000BC030C980E9340420C90079B43F00403FA
:1018F000079398F8003092E70E98AB4600210468F1
:101900008DF86F10071D0798302378228B458DF8CE
:1019100070304FF000058DF8712040F00203C0F2E6
:10192000C78320F0800343F00203079354EA0503C2
:101930000E9700F093830F461192B348CEE223AA8C
:1019400009990A9803F070FC48B90DF1C00952E7F3
:10195000259B23B10A98099923AA03F065FC099BEA
:101960009B8913F0400F0B9B18BF4FF0FF331846B5
:1019700041B0BDE8F08F1193AB46002A41F03382AD
:10198000079A12F0200300F02E820E9F073727F0EF
:101990000703002703F10801BB450E91D3E9004579
:1019A0008DF86F70C0F2798722F08003079354EAB4
:1019B000050300F0758330AEE20842EA4572E9089B
:1019C00004F007030D461446303354EA050206F8C6
:1019D000013DF1D1079AD10740F18480302B00F00E
:1019E00081803022731E06F8012C30AAD21A0D9283
:1019F0001E467AE098F800302A2B08F1010401F025
:101A0000B981A3F13000092898BF002501F26C814B
:101A100014F8013B05EB850500EB4505A3F130000B
:101A20000928F5D945EAE575A046FAE6079B43F093
:101A30008003079398F80030F1E6A3F1300000230B
:101A40001C4618F8013B04EB840400EB4404A3F1AA
:101A500030000928F5D90C94E3E61193AB46002A2F
:101A600041F0AB81079B43F010030793079B980657
:101A700040F130850E9F073727F00707D7E900238D
:101A800007F108010E9114461D46002A73F1000368
:101A9000C0F25B85BBF1000F9DF86F70C0F2388516
:101AA000079B23F08003079354EA050300F0DB81D2
:101AB000002D08BF0A2CC0F0DB8130AE204629463D
:101AC0000A22002303F090FC303206F8012D204654
:101AD000294600230A2203F087FC04460D4654EAF7
:101AE0000503EBD130AB9B1B0D930D9B5B45B8BF42
:101AF0005B4608930023139317B1089B01330893A7
:101B0000079B13F002030F9302D0089B0233089344
:101B1000079B13F08403109340F0D7820C9B089A24
:101B20009D1A002D40F3D182102D2599249A374F0C
:101B300027DD189648461024B946099E2F460A9D6F
:101B400004E0103F102F00F1080016DD01322F4B8A
:101B500024921031072A259180E81800F1DD23AA8C
:101B60003146284603F060FB00287FF4F8AE103FB2
:101B7000102F2599249A30A8E8DC189E3D464F4640
:101B8000814601326C18072A25942492C9F8007006
:101B9000C9F8045000F328849DF86F7009F1080912
:101BA00077B1249B013301340DF16F010122072B22
:101BB0002594249389E8060000F3A08309F108091D
:101BC0000F9B6BB1249B013302341CA90222072B0B
:101BD0002594249389E8060000F39C8309F1080901
:101BE000109B802B00F0D5820D9BC3EB0B07002FC1
:101BF00039DD074A249B0F92102F28DD22464FF033
:101C0000100B0A9D099C0AE0587A0100747A0100C1
:101C1000247A0100103F102F09F1080916DD013365
:101C20001032072B2592249389E8000CF2DD23AAB9
:101C30002146284603F0F8FA00287FF490AE103FC2
:101C4000102F259A249B0DF1C009E8DC14460133BE
:101C50000F9A24933C44072B259489E8840000F3D1
:101C6000418309F10809079BDA0500F13082249BC2
:101C70000D99C9F8006001330C44072B2594C9F86D
:101C80000410249300F3188309F10809079B5907EE
:101C90003FD50C9B089A9D1A002D3ADD102D249BF0
:101CA000BC4F23DD22461026DDF828B0099C04E055
:101CB000103D102D09F1080917DD0133B5492493B2
:101CC0001032072B259289E84200F1DD23AA214634
:101CD000584603F0A9FA00287FF441AE103D102DBC
:101CE000259A249B0DF1C009E7DC144601332C44EE
:101CF000072B25942493C9F80070C9F8045008DD17
:101D000023AA09990A9803F08FFA00287FF427AED6
:101D1000259C0B9B0C9A08998A42ACBF9B185B18B8
:101D20000B93002C40F0D482002324930DF1C009C2
:101D300042E51193AB46002A41F051800E9F0737D0
:101D400027F0070303F108020E921A6814925B68E9
:101D50001593159B149D23F00044284621464FF00F
:101D6000FF328D4BFDF736F8002840F0C28428463C
:101D700021464FF0FF32884BFDF70EF8002840F067
:101D8000B8841498159900220023FCF7FBFF002863
:101D900040F04F879DF86F70804E814B079921F07E
:101DA00080010791119903224FF0000B08924729F7
:101DB000D8BF1E460D92CDF84CB09DE6079B43F070
:101DC0000803079398F8003029E51193AB46002AE1
:101DD00041F01180079B43F010030793079A12F01C
:101DE00020037FF4D2AD079911F0100200F02C858A
:101DF0000E988DF86F30BBF1000F046800F10407F6
:101E00004FF00005C0F248850A4622F08002079292
:101E100054EA05020E9700F043811F46CBE511936B
:101E2000AB46002A40F0E387079B43F0100307937B
:101E3000079A12F0200300F032830E9F073727F035
:101E40000703002703F10801BB450E91D3E90045C4
:101E50008DF86F70C0F25C8322F08003079354EA20
:101E600005037FF425AEBBF1000F00F0FE800024D7
:101E700040AE303406F8414D34E61193AB46002AAB
:101E800040F09787079B47489D0640F197800E9F3B
:101E9000073727F00703D3E9004503F108020E9244
:101EA000079A12F0010700F0418254EA050300F09E
:101EB00005859DF844208DF871200027079A8DF83C
:101EC0006F703023BB458DF8703042F00203C0F2D2
:101ED000B58622F0800343F00203079330AE230956
:101EE00004F00F0143EA05732A091C461546435CBA
:101EF00006F8013D54EA0503F1D1F3E50E9911937B
:101F00000A688DF8982000230A461F468DF86F3026
:101F1000043201230893BB4613970E920D9326AE0D
:101F2000EEE51193AB46002A3FF4A0AD8DF86F109B
:101F30009CE5079B43F04003079398F800306EE45C
:101F400098F8003000297FF46AAC0122202166E471
:101F5000079B43F00103079398F800305FE40E9C61
:101F600023680C9318460028234603F10403FFF668
:101F7000B8AC0E9398F8003051E498F80030012284
:101F80002B214CE41193AB46002A3FF451AF8DF85E
:101F90006F104DE7747A0100FFFFEF7F387A010080
:101FA000347A0100447A01001193AB46002A40F0D4
:101FB0002A87079B99489D063FF569AF079BDC067A
:101FC00040F135840E9A1346043314680E930025AD
:101FD00066E798F800306C2B00F0E284079840F038
:101FE000100007901BE4002A40F00987079B9B061E
:101FF00040F106840E9A0B991368CD1708460432F7
:1020000029460E92C3E90001FFF7D6BB079B43F0B8
:102010002003079398F8003001E40E9A1193166894
:1020200000248DF86F40171D002E00F0CD85002D87
:10203000C0F218852A4621463046FDF779FA002875
:1020400000F02A86831B0D93A34623EAE3730E97C1
:102050000893CDF84CB09DF86F704DE56F48119224
:10206000BBF1000F40F073815F464FF0000BCDF8DD
:1020700034B030AE39E51193002A40F0AC86119AA5
:10208000002A3FF465AC002301211F4608918DF81A
:1020900098208DF86F309B4613930D9126AE2FE557
:1020A000BBF1000F00F0038600270024002582E426
:1020B0005A480793119254EA05030E974FF0000710
:1020C0007FF40CAF0024002508E7259C68E5119BF0
:1020D000652B40F3A9801498159900220023FCF782
:1020E00047FE002800F03581249B4D4AC9F80020A6
:1020F000013301340122072B25942493C9F80420CD
:1021000000F3E88309F108091D9B129A934203DB4F
:10211000079BDB077FF5BAAD249B1699179AC9F880
:10212000002001330C44072B2594C9F80410249394
:1021300000F3408409F10809129B5D1E002D7FF712
:10214000A5AD384A249B0F92102D40F3E68110264E
:102150000A9FDDF824B005E009F10809103D102DB3
:1021600040F3DB8101331034072B25942493C9F805
:1021700000A0C9F80460EFDD23AA5946384603F0F1
:1021800053F800287FF4EBAB259C249B0DF1C0098C
:10219000E4E70C9B089A9F1A002F7FF725AD214A90
:1021A000249B0F92102F2BDD4A462146B94610255D
:1021B00037460A9C099E06E0A9F11009B9F1100FF3
:1021C00002F1080218DD01331031072B2591249309
:1021D000C2F800A05560EFDD23AA3146204603F087
:1021E00023F800287FF4BBABA9F11009B9F1100F57
:1021F0002599249B30AAE6DC3E460C464F46914684
:1022000001330F9A24933C44072B259489E88400DA
:1022100000F3458209F10809E6E400BF587A01009D
:10222000D0670100247A0100129B249D012B40F30A
:102230000882013501340123072D25942495C9F81E
:102240000060C9F8043000F30D8209F10809169AFC
:10225000179BC9F8003001351444072D25942495A7
:10226000C9F8042000F30E8209F10809002314982C
:1022700015990022FCF77CFD129B002840F0C380DA
:10228000013B013501361C44072D24952594C9F8DE
:102290000060C9F8043000F3F58009F10809199AC3
:1022A000C9F80420013514441FAB072D259424954B
:1022B000C9F800307FF7E8AC23AA09990A9802F020
:1022C000B3FF00287FF44BAB259C0DF1C009DDE482
:1022D00023AA09990A9802F0A7FF00283FF424AD29
:1022E000FFF73DBB23AA09990A9802F09DFF002839
:1022F0007FF435AB259C0DF1C009B4E423AA0999FC
:102300000A9802F091FF00287FF429AB259C0DF17B
:10231000C00955E423AA09990A9802F085FF00280C
:102320007FF41DAB259C0DF1C00959E4BBF1000FF2
:102330008DF86F70C0F2DA8222F08003079354EABE
:1023400005037FF4CBADBBF1000F3FF48DAE00274A
:10235000B8E61D9D002D40F3CC82139B129A934248
:10236000A8BF1346002B1D460DDD249BC9F8006055
:1023700001332C44072B2594C9F80450249300F30F
:10238000A38309F10809139B002DA8BF5B1B002B39
:102390001D4640F3F680BA4A249B0F92102D40F35D
:1023A000808222461027DDF828B0099C05E009F15B
:1023B0000809103D102D40F3738201331032072BB2
:1023C00025922493C9F800A0C9F80470EFDD23AA70
:1023D0002146584602F028FF00287FF4C0AA259A1B
:1023E000249B0DF1C009E4E723AA09990A9802F099
:1023F0001BFF00287FF4B3AA9DF86F70259C0DF198
:10240000C009FFF7CDBB5E1E002E7FF748AF9C4B87
:102410000F93102E2CDDCDF834801027B046DDF858
:1024200028B0099E06E0A8F11008B8F1100F09F1D4
:1024300008091ADD01351034072D25942495C9F8B3
:1024400000A0C9F80470EEDD23AA3146584602F018
:10245000EBFE00287FF483AAA8F11008B8F1100F52
:10246000259C249D0DF1C009E4DC4646DDF834804E
:102470000F9B01353444072D2594249589E84800A5
:102480007FF70BAF23AA09990A9802F0CDFE002826
:102490007FF465AA259C249D0DF1C009FFE60799EC
:1024A00011F0100200F008810E988DF86F30BBF12A
:1024B000000F046800F104074FF0000526DB0A4610
:1024C00022F08002079254EA05020E971F467FF41D
:1024D000EFAAC8E4079BD9062AD4079B5A0627D53A
:1024E0000E99B1F900400431E51722462B460E91B2
:1024F000FFF7CBBA0E998DF86F30BBF1000F0C6867
:1025000001F104074FF0000580F245820E971F4647
:1025100054EA05037FF4CCAAAAE401330F9A24936A
:102520002C44072B259489E824007FF7ADABC3E644
:102530000E9A146813460433E51722460E93002AB8
:102540002B4673F10003BFF6A5AA64424FF02D0796
:1025500065EB4505BBF1000F8DF86F70FFF6A8AA7B
:10256000079B23F080030793FFF7A2BA23AA0999D8
:102570000A9802F059FE00287FF4F1A9259C0DF17C
:10258000C009139A1D9B32441746129A934247DBA7
:10259000079AD50744D412990E44F51BCB1A9D42D5
:1025A000A8BF1D46002D2E460DDD249AC9F80070E7
:1025B00001322C44072A2594C9F80450249200F3D0
:1025C000128309F10809002EACBF9D1B1D46002D8A
:1025D0007FF75CAB2A4A249B0F92102D9DDD1026BD
:1025E0000A9FDDF824B004E009F10809103D102D20
:1025F00093DD01331034072B25942493C9F800A0F0
:10260000C9F80460F0DD23AA5946384602F00CFEF2
:1026100000287FF4A4A9259C249B0DF1C009E5E7BF
:10262000249A16981799C9F8001001320444072A11
:102630002594C9F80400249200F3A58209F1080941
:10264000A9E7079BD8073FF5F4AD01350134012315
:10265000072D25942495C9F80060C9F804307FF748
:102660001CAE0FE723AA09990A9802F0DDFD0028A5
:102670007FF475A9259C249D0DF1C009E7E500BFF5
:10268000247A010023AA09990A9802F0CDFD0028B6
:102690007FF465A9259C249D0DF1C009E6E523AAD8
:1026A00009990A9802F0C0FD00287FF458A9259CDA
:1026B0000DF1C009FFF798BA079911F040033FF4F4
:1026C00019AF0E988DF86F200346BBF1000F03F190
:1026D000040304884FF00005C0F2B98121F08001A5
:1026E000079154EA05010E9317467FF4E1A9FFF71D
:1026F000BABB149C22462046159C23462146FCF773
:1027000069FB002840F01583119BBBF1FF3F23F0CC
:1027100020030D9300F07682472B00F09281079BF7
:1027200043F480731093159B1F1E149B0893BBBF2B
:102730003B4603F1004700232D230F93119B662B8B
:1027400000F06382462B00F05E810D9B089A452BBA
:1027500021A81EA90CBF0BF101055D460490039151
:102760001DA802213B460290019500910A9800F0B5
:10277000BFFC119B672B064640F07D82079BDA0762
:1027800040F1BF8274190898394600220023FCF7F3
:10279000EFFA002840F0A481219B9C4206D9302109
:1027A0005A1C21921970219B9C42F9D89B1B1293B1
:1027B0000D9B472B00F08181119B652B40F36A82B2
:1027C000119B662B1D9B139300F04782139A12995D
:1027D0008A42C0F23682079BD90700F1898222EA39
:1027E000E2730D92672211920F9A002A40F05B81EA
:1027F0000893109B079393469DF86F70FFF77CB981
:10280000079BDF060BD4079B5E0608D50E9A13685C
:1028100004320E92BDF82C201A80FEF7CDBF0E9A1E
:10282000136804320E920B9A1A60FEF7C5BF079B1D
:102830000E9A13F0400F134600F00E8104331488F3
:102840000E930025FFF72CBB079911F0400317D01A
:102850000E988DF86F200346BBF1000F03F10403BF
:1028600004884FF00005C0F2F58021F08001079147
:1028700054EA05010E933FF413AC1746FFF79BB8DB
:102880000E998DF86F30BBF1000F0C6801F1040751
:102890004FF0000580F281800E970027FFF78BB87C
:1028A000144601330F9A24932C44072B259489E86E
:1028B00024003FF75BAE09F1080962E60027BB453B
:1028C0008DF86F70FFF6FEAB079B23F08003079334
:1028D000FFF7C6BB23AA09990A9802F0A5FC0028B5
:1028E0007FF43DA8259C0DF1C0090DE40E9FFFF774
:1028F000E2BB249BB14AC9F8002001330134012214
:10290000072B25942493C9F804206FDC09F10809EA
:102910002DB9129B1BB9079BDF077FF5B7A9249B35
:102920001699179AC9F8002001330C44072B2594F7
:10293000C9F80410249300F3C98109F108096D4214
:10294000002D40F3A3809E4A0F92102D40F3298161
:1029500022461027DDF828B0099C05E009F1080996
:10296000103D102D40F31C8101331032072B2592AE
:102970002493C9F800A0C9F80470EFDD23AA21460A
:10298000584602F051FC00287EF4E9AF259A249BBA
:102990000DF1C009E4E7079A92E5079AFFF735BA07
:1029A000079B43F02003079308F1010898F80030D3
:1029B000FEF735BF23AA09990A9802F035FC0028D2
:1029C0007EF4CDAF259C0DF1C009FFF7B5BB4021CA
:1029D0000A98FCF7D9FA099A10601061002800F0F3
:1029E000F381099A40235361FEF7D7BE23AA0999C0
:1029F0000A9802F019FC00287EF4B1AF1D9D259CB9
:102A00000DF1C00984E721A81EA9049003911DA817
:102A100003210290089ACDF804B03B4600910A9831
:102A200000F066FB5D460646119B462B06EB05044F
:102A30007FF4A9AE3378302B00F06D811D9D2C44BE
:102A4000A1E6BBF1000F08BF4FF0010B67E60E9344
:102A500017465DE50E9320E7043314680E930025B6
:102A6000FFF71EBA3046FDF72BFBA34603460D9039
:102A7000FFF7EBBA23AA09990A9802F0D5FB0028C0
:102A80007EF46DAF259C249B0DF1C0091299C9F805
:102A9000006001330C44072B25942493C9F80410DB
:102AA0007FF7F2A808E42D270893109B07938DF871
:102AB0006F704FF0000BFFF720B81D9BDD1C11DB82
:102AC0009B450FDB139381E623AA09990A9802F02C
:102AD000ABFB00287EF443AF259C0DF1C00952E406
:102AE000234663E6119A023A1192013B002B9DF8AE
:102AF00044201D93B8BF5B428DF87C20B4BF2D22CB
:102B00002B22092B8DF87D2040F3FD800DF18B00E9
:102B100004462C4A82FB0321DA17C2EBA10202EB26
:102B20008201A3EB410303F13001092A134604F8A3
:102B3000011DEEDC21463033DAB201F8012D884266
:102B400040F23F810DF17E01234601E013F8012B95
:102B500001F8012B9842F9D1431C1B1B0DF17E0299
:102B600013441FAA9B1A129A1993012A13440D9316
:102B700040F3F6800D9B169A134400220D93139296
:102B800023EAE37330E623AA09990A9802F04CFB82
:102B900000287EF4E4AE1D9B259C0DF1C009FAE4EB
:102BA000144601330F9A24932C44072B259489E86B
:102BB00024003FF75FAF09F1080967E7D06701001C
:102BC000247A010067666666062D2B4628BF062319
:102BD0000D9323EAE373B3460E9713963746089393
:102BE0008B4EFEF789BF23AA09990A9802F01CFBB5
:102BF00000287EF4B4AE1D9B129A259CD31A0DF1C9
:102C0000C009E0E44FF0060B89E521A81EA9049055
:102C100003911DA803210290089ACDF804B03B4609
:102C200000910A9800F064FA5D46064600EB0B043A
:102C300000E72D278DF86F70FFF7AEB80793FFF709
:102C40004DB9169A129B1344139A0D93002A7FDDF7
:102C5000672223EAE3731192C6E5002B40F39880C4
:102C6000BBF1000F6BD1079AD40768D41A460D92B6
:102C700023EAE373B8E5119B472B7FF483AD079BF1
:102C8000DB073FF5D1AE219B9B1B12930D9B472B7E
:102C90003FF413AF1D9B28E725EAE5730E970893D1
:102CA0000D95834613909DF86F70FEF725BF079B27
:102CB000DB075F4605D540AE302306F8413DFEF701
:102CC00011BFCDF834B030AEFEF70FBF23AA09997B
:102CD0000A9802F0A9FA00287EF441AE1D9D259CB9
:102CE000249B0DF1C0092AE6A0460025FEF799BDF8
:102CF000169A139B134467220D93119223EAE373F0
:102D000072E5219B52E5303330228DF87F308DF80B
:102D10007E2020AB25E70898394600220023FCF7E7
:102D200027F800287FF48AAEC5F101051D952C44D3
:102D300029E5384E384B9DF86F70FFF72FB8139B7D
:102D4000169A9D1805EB0B030D9323EAE3734BE5ED
:102D5000139B0D9AC3F101031A4413460D9277E7B2
:102D6000079B13F001037FF405AF13930D9B23EA38
:102D7000E37339E50E9898F8013005680430002DAA
:102D80000E90A046BEF64BAD4FF0FF35FEF747BDA7
:102D9000BBF1000F02D1079BD80707D5169B5D1C1E
:102DA00005EB0B030D9323EAE3731DE501230D935C
:102DB0001AE58DF86F10FFF765B88DF86F10FEF704
:102DC00051BE0DF17E03CCE60A9A0C2313604FF03E
:102DD000FF30FEF7CDBD8DF86F10FFF750B98DF8BD
:102DE0006F10FEF7ABBF8DF86F10FEF7C9BD8DF801
:102DF0006F10FFF719B88DF86F10FEF7EBBF8DF865
:102E00006F10FFF7F3B88DF86F10FFF7D2B800BF5F
:102E10006C7A0100407A01003C7A010010B504464A
:102E2000FCF798F82044437803F00303012B0CBF10
:102E300004F12000204610BD10B50446FCF78AF8C6
:102E40002044437803F00303022B0CBFA4F12000BD
:102E5000204610BDF0B5ADF5057D04AD00930F46DD
:102E600013464FF4007403AA29460394064602F061
:102E70005BFA88B1044602463946039B304600F0AF
:102E800029F8AC42039004D03046214601F0BEF848
:102E900003980DF5057DF0BD4FF0FF30F9E700BF59
:102EA00010B4044C13460A460146206810BCFFF7D4
:102EB000D1BF00BFA8A2FF1F21B1FF2A04D80A700A
:102EC00001207047084670478A2303604FF0FF30A7
:102ED000704700BF70B50D46084C114606461A46AD
:102EE000284600232360FBF7AFF8431C00D070BDD9
:102EF0002368002BFBD0336070BD00BFD82A0020B0
:102F00002DE9F047254C2568D5F848410646884606
:102F100092469946C4B360681F2817DC431C76B1FB
:102F200004EB80050122C5F888A0D4F888118240FE
:102F30001143022EC4F88811C5F808911ED0023042
:102F4000636044F820800020BDE8F087144B03B391
:102F50004FF4C870FCF708F80446D0B1D5F84831F2
:102F6000002780E88800C5F8484138460123C4F8A6
:102F70008871C4F88C71002EE1D0D1E7D4F88C119F
:102F80000A43C4F88C21DAE705F5A674C5F8484170
:102F9000C1E74FF0FF30BDE8F08700BFB87901000E
:102FA00069EF0000024B13B1024800F005B870470A
:102FB00000000000493F0100002301461A46184660
:102FC000FFF79EBF02690B69934200F38D802DE9E4
:102FD000F04F03F1FF3801F1140700F1140B57F81B
:102FE00028205BF828304FEA880483B00132B3FB15
:102FF000F2F90BEB0403009407EB040A0193B9F117
:10300000000F39D00025BC46DE462B465CF8046B29
:10301000DEF80020B4B209FB0455360C2C0C09FB79
:103020000644ADB25B1BA6B213FA82F3C6EB12469E
:1030300006EB23469BB243EA0643E2454EF8043BC7
:103040004FEA14454FEA2643E0D2009B5BF8033079
:1030500093B9019C231F9B450CD254F8043C4BB9F7
:10306000A4F1080302E01A68043B1AB99B4508F171
:10307000FF38F8D3C0F81080044601F0C7FE0028DE
:103080002EDB09F101095D46002357F8041B28686F
:103090008AB29A1A090C12FA80F2C1EB104303EBC0
:1030A000224391B241EA0341BA4545F8041B4FEA75
:1030B0002343EAD25BF828200BEB880382B91A1F5E
:1030C00093450BD253F8042C42B9083B02E01A682E
:1030D000043B1AB99B4508F1FF38F8D3C4F81080B7
:1030E000484603B0BDE8F08F00207047FFFFFFFFA8
:1030F0002DE9F04F016C97B08146239C92469B4688
:1031000049B1426C4A60012393408B6001F050FC4E
:103110000023C9F84030BBF1000FD84633DB002351
:103120002360A54B1A4608EA0303934214D0504685
:10313000594600220023FBF71BFE054648B3229A9E
:1031400001231360249B002B00F0C5809B4818606E
:10315000013817B0BDE8F08F229A42F20F73136066
:10316000BAF1000F00F0A2809548249B002BF0D00C
:10317000C378002B00F0B18000F10803249A13609B
:1031800017B0BDE8F08F01232BF000482360C34641
:10319000C7E714AA15AB0192009352465B46484616
:1031A00001F06AFF5FEA1854089040F08880149D8F
:1031B000159C2C4404F23243202B40F39182C3F13E
:1031C000400304F2124008FA03F82AFA00F040EA39
:1031D0000800FBF7EFFA0123013CA1F1F87110930D
:1031E0000022784BFBF7A8F96DA3D3E90023FBF786
:1031F00057FB6DA3D3E90023FBF7A0F90646204651
:103200000F46FBF7E7FA6AA3D3E90023FBF748FB75
:1032100002460B4630463946FBF790F906460F4604
:10322000FBF7EEFD00220490002330463946FBF701
:10323000A9FD002840F03082049E162E00F229825B
:10324000614B03EBC603D3E9000152465B46FBF733
:10325000B7FD002800F04982731E049300230C93ED
:103260002C1B631E029300F1328200230593049B02
:10327000002BC0F22382029A0B93114619440023BB
:1032800002910A93209B092B29D8052B40F35886DD
:10329000043B20930025209B023B032B00F2358644
:1032A000DFE813F02C03280237035904444B474A44
:1032B000C8F31300002814BF1846104655E7CBF397
:1032C000130343F07F5110955046A4F2FF3441F4AC
:1032D0004011149D84E73E483BE7C31C4EE70021A4
:1032E000C9F844104846209101F03CFB4FF0FF33F1
:1032F0000693209A0D93012307902192C9F840006C
:103300000993159B002BC0F2D180049A0E2A00F37A
:10331000CD802D4B03EBC203D3E90034CDE9023459
:10332000219B002BC0F2008356465F46504659460B
:10333000DDE902AB52465B46FBF7DCFBFBF760FDC9
:103340000446FBF747FA52465B46FBF7A9FA0B46E1
:10335000024639463046FBF7EFF8079D04F130038B
:103360002B70069B012B06460F4605F1010562D026
:103370000022184BFBF794FA0022002306460F4662
:10338000FBF7F6FC00287ED1CDF81490DDF818A0EC
:10339000DDF81CB0DDE9028929E000BFAFF3008051
:1033A00061436F63A787D23FB3C8608B288AC63F4B
:1033B000FB799F501344D33F0000F07FD167010099
:1033C000947B01000000F83F987C0100887B01009D
:1033D000D067010000002440FBF762FA00220023BE
:1033E00006460F46FBF7C4FC002840F0B783424670
:1033F0004B4630463946FBF77DFBFBF701FD0446A3
:10340000FBF7E8F942464B46FBF74AFA02460B4601
:1034100030463946FBF790F804F1300E05F801EB21
:10342000CBEB050ED64506460F464FF00002B04BDB
:10343000D2D1DDF8149032463B4630463946FBF790
:103440007DF806460F4602460B46DDE90201FBF712
:1034500099FC40B932463B46DDE90201FBF788FCA6
:1034600088B1E3070FD515F8014C079A6B1E04E0ED
:103470009A4200F02C8413F8014D392C03F1010518
:10348000F6D001341C700899484601F091FA0022E8
:10349000049B2A70229A01331360249B002B00F0B6
:1034A000A78307981D6017B0BDE8F08F099A002A1E
:1034B00000F01281209A012A40F35882069B0A9A52
:1034C0005F1EBA42C0F29783D71B069B002BC0F247
:1034D0008A84059D069B059A1A440592029A012149
:1034E0001A444846029201F047FB064665B102992C
:1034F00000290B4608DDA942059AA8BF2B46D21A1F
:10350000ED1ACB1A059202930A9B002B40F3FC8222
:10351000099A002A00F00182002F00F0FE81314656
:103520003A46484601F0CAFBDDF820800146424693
:103530000646484601F02AFB41460446484601F04B
:1035400037FA0A9BDB1B0A9340F0E68101214846CB
:1035500001F012FB0B9B8046002B00F01982014604
:103560001A46484601F0AAFB209B012B804640F3F7
:10357000F8820027D8F8103008EB8303186901F0AF
:10358000ADFAC0F12000029A104410F01F0000F0C4
:10359000F681C0F12003042B40F3CA84059BC0F1DF
:1035A0001C00034405931346034405440293059B02
:1035B000002B05DD21461A46484601F0CFFB0446A4
:1035C000029B002B05DD41461A46484601F0C6FB2A
:1035D00080460C9B002B40F07C82069B002B40F326
:1035E0009582099B002B40F0F581DDF81CB0069F09
:1035F0005D4602E001F0E6F9044641462046FFF749
:10360000E1FC00F1300A05F801ABCBEB0503BB424E
:103610004FF00A024FF0000321464846EADB079BC1
:10362000069A012AACBF9B1801331D464FF0000BD0
:1036300021460122484601F091FB4146089001F0E5
:10364000E5FB002840F30D8315F8012C07996B1E4C
:1036500004E08B4200F0788213F8012D392A03F13F
:103660000105F6D001321A704146484601F0A0F932
:10367000002E3FF408AFBBF1000F05D0B34503D0D7
:103680005946484601F094F93146484601F090F910
:10369000F9E601230C93E3E5DDF810804046FBF7E3
:1036A00099F802460B4630463946FBF761FB002885
:1036B0007FF4C2AD08F1FF330493BDE5059A049B86
:1036C000D21A5B420A93002305920B93DAE55B4220
:1036D000059300230293CAE50A9F059D099E05E70D
:1036E000C3F120080AFA08F073E50C90B8E500BFB2
:1036F0000000244000230993049B219A13440D9356
:103700000133002B069340F38382069C264600215A
:10371000172EC9F844100BD9012204235B0003F1D2
:103720001400B042114602F10102F7D9C9F8441061
:10373000484601F017F90E2C0790C9F840003FF6F3
:10374000E0AD002D3FF4DDAD04995746D846002981
:10375000CDE90E7840F39282914B01F00F020E11E9
:1037600003EBC203F006D3E9004540F14C828D4BD8
:1037700050465946D3E90823FBF7BCF906F00F067B
:1037800082468B464FF0030886B1864FF10709D574
:1037900020462946D7E90023FBF782F808F1010803
:1037A00004460D46761007F10807EFD122462B4656
:1037B00050465946FBF79EF906460F460C9B43B10F
:1037C0000022794B30463946FBF7DCFA002840F0FE
:1037D00020834046FAF7FEFF32463B46FBF760F88F
:1037E000724B0022FAF7AAFE069B0446A1F150751F
:1037F000002B00F0DF81049BDDF818801193099BFA
:10380000002B00F09782664B694903EBC80353E92C
:1038100002230020FBF76EF922462B46FAF78CFEB6
:1038200082468B4630463946FBF7EAFA0446FAF7F9
:10383000D1FF02460B4630463946FAF77DFE30345A
:10384000079DE4B206460F462C7002460B465046D2
:1038500059460135FBF7B4FA00284CD132463B46B5
:1038600000205149FAF768FE02460B465046594679
:10387000FBF7A6FA002840F00D83B8F1010F40F3E2
:10388000B381079B98440DE000204749FAF754FEA6
:1038900052465B46FBF776FA002840F0FB8245452E
:1038A00000F0A281504659460022424BFAF7F8FF39
:1038B0000022404B82468B4630463946FAF7F0FFED
:1038C0000F460646FBF79CFA0446FAF783FF0246CA
:1038D0000B4630463946FAF72FFE3034E4B25246F2
:1038E0005B4605F8014B06460F46FBF74BFA32469E
:1038F0003B460028C8D0119B0493C4E500230993DC
:10390000219B002B40F389811E461C460D93069394
:10391000FDE601230993F3E708940A9A08994846BB
:1039200001F0CCF9044611E6069B002B3FF7FCACF6
:1039300040F0DA820022204BDDE90201FAF7B0FF05
:1039400052465B46FBF732FADDF8188046460028FF
:1039500000F0F280219B079DDB43049341464846DB
:1039600001F026F8002E3FF48EAD8DE6109A002A65
:1039700000F0418203F233430A9F059DABE51C2012
:10398000059B03440593029B0344054402930EE602
:10399000209B012B40F382820B9F0120F3E500BFA7
:1039A000987C0100707D01000000F03F00001C4089
:1039B0000000E03F00002440000014403146002396
:1039C0000A22484600F0FEFF0D9B002B064640F3FE
:1039D00097820693002D05DD31462A46484601F0C0
:1039E000BDF90646002F40F07C810596069B079A9C
:1039F000DDF814B0013BD31808930AF001030993D2
:103A00001746C24651462046FFF7DCFA31460546C6
:103A1000204601F0FBF95A4602905146484601F013
:103A200015FAC268804605F13003002A49D10146E3
:103A30002046069301F0EAF941460590484600F019
:103A4000B7FF059A069B2AB9209919B90999002947
:103A500000F0368202990029C0F2E48005D1209955
:103A600019B90999002900F0DD80002A00F34D8181
:103A7000089A3B7007F101089742454600F05481CF
:103A8000214600230A22484600F09CFF5E4504467A
:103A900031464FF000034FF00A0248460BD000F0C9
:103AA00091FF5946064600230A22484600F08AFF45
:103AB00047468346A6E700F085FF4746064683460D
:103AC000A0E701464846059300F072FF0122059BDE
:103AD000C0E74146204601F099F90028BFF67DADC8
:103AE0002146049C0023013C0A224846049400F02D
:103AF00069FF099B0446002B7FF460AF0D9B002BF0
:103B000040F3F681069370E5089C1FE5209B022B8D
:103B10007FF767AD069B002B40F079814146052277
:103B2000484600F04FFF01468046204601F06EF9FE
:103B3000002808947FF70EAF049A079931230132C9
:103B400004920B704D1C09E7049A01320492079A03
:103B50003123137088E501230993CDE5DDF8149036
:103B600091E4BAF1000F7FF404ADCBF31303002B03
:103B700040F03F812BF000473F0D3F0537B1059BDB
:103B800001330593029B0133029301270B9B012014
:103B9000002B3FF4F8ACEDE44046FAF71BFE32464A
:103BA0003B46FAF77DFE0022BF4BFAF7C7FC0446FE
:103BB000A1F15075304639460022BC4BFAF7BCFCE7
:103BC00022462B4606460F46FBF7FAF880460028A9
:103BD00040F00581224605F1004330463946FBF7A7
:103BE000D1F808B14646B5E6DDE90EABFFF789BB73
:103BF0000798FFF7AEBA0A9B0B9A0A97FB1A1A446A
:103C00000B92002761E4DDE90EAB4FF00208BBE543
:103C10001C460021C9F844108AE5012421940D9422
:103C20000694F6E7002AD046CDF814B09A4611DD86
:103C300021460122484601F091F84146044601F030
:103C4000E5F8002840F34981BAF1390F00F0068108
:103C500005F1310AB34687F800A07D1C059E089443
:103C600002E504D11AF0010F01D0EDE4154615F874
:103C7000013C302B05F1FF32F8D0F5E4049B5C42A7
:103C8000002C00F0BF808A4B04F00F0203EBC2034C
:103C9000D3E90023DDE90E01FAF702FE24110646FE
:103CA0000F4600F02A81834D4FF00208E20709D544
:103CB00030463946D5E90023FAF7F2FD08F101084C
:103CC00006460F46641005F10805EFD176E5079921
:103CD00030220A70049A15F8014C01320492FFF761
:103CE000D0BB7168484600F03DFE33699A1C05461A
:103CF000920006F10C010C30F7F70AFC294601226C
:103D0000484601F02BF8059070E6392BCDF814B039
:103D1000D04600F0A38003F1010AB34687F800A063
:103D20007D1C059E08949FE45A46D046B3469A46A9
:103D300016467DE45E4908F1FF3A01EBCA012246CE
:103D40002B46D1E90001FAF7ABFDCDE91201394666
:103D50003046FBF755F80446FAF73CFD02460B46A1
:103D600030463946FAF7E8FB079A3034B8F1010FCC
:103D700006460F46147002F101051ED0079B03EBA7
:103D8000080BA84600224C4B30463946FAF788FD0E
:103D90000F460646FBF734F80446FAF71BFD3034AD
:103DA00002460B4630463946FAF7C6FB08F8014B87
:103DB000C34506460F46E5D1554400223F4BDDE999
:103DC0001201FAF7BBFB32463B46FAF7DBFF00284D
:103DD0004CD0119B049315F8014CFFF746BB4FF0F4
:103DE00000084646A8E6059B069A9D1A0023FFF7A1
:103DF00072BB0027CAE6149B0A9F059DC3F13603D8
:103E0000FFF769BBDDE90E674FF00208D6E40894BE
:103E1000A0E5069B002B3FF4BFAE0D9B002B7FF768
:103E2000E3AE0022244B30463946FAF739FD064608
:103E30000F4608F10100FAF7CDFC32463B46FAF78F
:103E40002FFD0022184BFAF779FB049ADDF8348035
:103E5000013A0446A1F150751192D0E43922B346DB
:103E60000894059E3A707D1CFFF7F0BBDDE9122334
:103E700000201249FAF760FB32463B46FAF7A0FFF2
:103E800008B9B1E6154615F8013C302B05F1FF32B3
:103E9000F8D030E5119B0493FFF7E7BABAF1000FB1
:103EA0007FF47AAD61E600BF00001C4000001440C2
:103EB000987C0100707D0100000024400000E03F7C
:103EC000392BCDF814B0D046DDF808B09A46C5D0ED
:103ED000BBF1000F3FF7BCAEBCE67FF4BBAE1AF0FF
:103EE000010F3FF4B7AEAFE64FF00008464631E5AC
:103EF000209B022B21DC0D9B04E64FF002085DE4C1
:103F0000209B022B19DC0D9B63E50024C9F844407B
:103F10002146484600F026FD4FF0FF3306930D93EF
:103F2000012307902194C9F840000993FFF7E9B9EC
:103F30003FF43DABC0F13C0022E50D9B0693E9E563
:103F40000125FFF7A8B900BF38B5074D074C2C1B5A
:103F5000A41005D0013C55F8043D9847002CF9D138
:103F6000BDE8384003F030BF000000000000000052
:103F7000F8B5234F0C460646FBF70EFCBB685D68A0
:103F800025F00305291B01F6EF7121F47F6121F073
:103F90000F01A1F58054B4F5805F07DB00213046A6
:103FA000FBF7EEFDBB682B44984204D03046FBF78C
:103FB000F5FB0020F8BD61423046FBF7E1FD013022
:103FC0000DD0104BBA6819682D1B45F0010530461D
:103FD000091B55601960FBF7E1FB0120F8BD0021CA
:103FE0003046FBF7CDFDBA68831A0F2BDEDD064C99
:103FF0000449246843F00103001B53600860D5E7BF
:1040000018A4FF1F9C2A002024A8FF1F002945D0C8
:104010002DE9F0410D468046FBF7BEFB55F8047CC8
:104020006A4927F00103A5F10804E2188E68506878
:10403000B24220F0030062D0FE0750600BD455F866
:10404000087CE41B01F1080EA56875453B446FD060
:10405000E768EF60BD6015186D68ED0742D543F065
:1040600001026260E350B3F5007F18D2DB085A1CEE
:104070004D6851F83270A76001209B1000FA03F3DD
:1040800001EBC2001D430838E0604D6041F832404A
:10409000FC604046BDE8F041FBF780BB70475A0A20
:1040A000042A53D89A0902F139077F0002F1380532
:1040B00001EB870051F827204449083890424DD041
:1040C000516821F003018B4202D292689042F7D1ED
:1040D000D068E060A2608460D4604046BDE8F041F2
:1040E000FBF75CBB95683A4FBD4203443FD0D068B4
:1040F000E86043F0010285606260E350B3E7FF07C8
:10410000034407D455F8082CA41A1344A068E268A5
:10411000C26090602F4A126843F0010093426060D1
:104120008C60B6D32C4B40461968FFF721FFB0E7EF
:1041300011184968C90744D49168D268CA60034419
:1041400043F0010091606060E350A2E7142A17D8A1
:1041500002F15C077F0002F15B05A9E7AA104B683A
:10416000012505FA02F213434B600246B1E743F022
:1041700001024C610C61E560A5606260E35088E774
:10418000542A06D81A0B02F16F077F0002F16E0560
:104190008EE7B2F5AA7F06D8DA0B02F178077F0026
:1041A00002F1770584E740F25450824206D89A0C17
:1041B00002F17D077F0002F17C0579E7FE277E256D
:1041C00076E743F001026260E35062E718A4FF1F44
:1041D00020A4FF1F20A8FF1F982A002002694B116E
:1041E00093422EDAF0B511F01F0100F1140606EB30
:1041F000820206EB830E29D056F823300EF1040517
:10420000AA4223FA01F4C1F1200C39D900F11007B8
:104210002B6803FA0CF3234347F8043F55F8043B9B
:10422000AA4223FA01F4F3D8CEEB0202053A22F0B7
:10423000030204323244146004B10432931B9B1015
:1042400016E000230361002343617047724512D9D1
:1042500000F11004714651F8045B44F8045F8A428F
:10426000F9D86FEA0E03134423F0030304339B10C1
:10427000036113B1F0BD0023036100234361F0BD6E
:104280003246D8E72DE9F04F8BB089460590169855
:104290000392089300F056FB0368029318461C46ED
:1042A000FBF70EFFD9F8003000909A782118302AD9
:1042B00011F801BC40F0A98103334FF000081C46FF
:1042C00013F8012B302A08F10108F8D0B24EB35C84
:1042D000002B00F0F08023784FF0000AF35C554685
:1042E000274623B117F8013FF35C002BFAD1009A5F
:1042F00002993846FBF752FF002800F092803B7885
:10430000002D00F07181ED1BAA000192502B00F0EE
:104310009180702B00F08E803D46C9F80070BAF194
:10432000000F40F0B7802B1B013B072B514604DDEB
:104330005B10072B01F10101FADC059800F012FB7C
:1043400003461433A5420490079340F2D381994663
:10435000009B4FF00008C3F10103474606930FE0AE
:10436000202F00F09F803A46043715F8013CF35C9B
:10437000554603F00F039340A54248EA030815D9B8
:1043800015F8013C5B4505F1FF3AE9D1069B534422
:10439000A342E5D31846009A02990993FBF7FEFE63
:1043A000099B0028DCD11D46A542E9D849F8048BB9
:1043B000079B049AC3EB09094FEAA903136140461E
:1043C0004FEA431900F08AFB039B1E68C0EB09000B
:1043D000B04200F3E380C0F209810027039B019AF9
:1043E0009B689A4200F39780039801994368994229
:1043F00080F2B5805D1AAE4200F30F81C268022AD6
:1044000000F07F81032A00F05C81012A00F07D81A9
:104410000598049900F0CCFA149A002313605020F8
:104420003DE0002D00F019813B786CE700230193FB
:104430004FF0010A7B782B2B00F0AC802D2B75D030
:10444000791C0025F35C54485A1E182A3FF664AFC5
:104450004A78825C501E1828A3F1100301F1010173
:104460000BD811F8010F03EB830302EB4303325C1B
:10447000501E1828A3F11003F3D905B15B42019A2D
:104480003D461A440F460192C9F80070BAF1000F78
:104490003FF449AFB8F1000F0CBF062000200BB06D
:1044A000BDE8F08FC9F800804FF0000809F1040959
:1044B0004246042759E7009D02992A462046FBF709
:1044C0006DFE002836D023782746502BAED0702BB7
:1044D000ACD0C9F80070DDE7049B9B689F4280F276
:1044E00034813B46049800EB830201210133022C06
:1044F0000361516100F018819F4280F2DB8001214D
:104500000498FFF76BFE039B019A9B6801329A4265
:10451000019240F3D2800598049900F049FA149A68
:104520000023A32013600BB0BDE8F08F0125BB78FA
:10453000B91C87E7625DB35C6719002B69D0302A2C
:104540003C4604D114F8013F302BFBD0F35CB3FAA6
:1045500083FA3D464FEA5A1A4FF00108C0E601249B
:1045600067B1039BDB68022B00F08580032B00F012
:104570008680012B00F0B58044F01004149B1A468D
:10458000049B1360089B1A46019B136020460BB0E6
:10459000BDE8F08F0025CAE7987B0100841B214607
:1045A000049800F013FE002835D0621E51110798C0
:1045B00002F01F0350F82110012707FA03F30B4202
:1045C0000AD0BA4240F39B80A11E049800F0FEFD81
:1045D000002800F094800327019B0498234421467F
:1045E0000193FFF7FBFDF9E601958FE6341A049974
:1045F0000598224600F0B2FB019B04901B1B01931F
:104600000346143307930027E8E69C1C4FF000088C
:104610005CE6134659E70746DEE76C1E002F4ED1D5
:1046200024B12146049800F0D1FD07466311079A92
:10463000049852F8232004F01F04012303FA04F421
:104640001442294618BF47F00207FFF7C7FD039B36
:104650005B680193761B022482E700997B5CF25C25
:104660007D182F46002A3FF44EAE17F8013FF25C4A
:10467000002AFAD147E6159BC3F101031593159B58
:10468000002B3FF479AF049B079D1F694FEA870811
:1046900005EB08002B46002104E043F8041B984278
:1046A0007FF61AAF1A68B2F1FF3FF6D00132022C42
:1046B0001A6039D016F01F063DD121245EE701278C
:1046C000B4E7159A002A3FF4A3AE08990B60079B44
:1046D000049901220A611A60149B1A466220116033
:1046E000DDE6BA077FF548AF079B1B683B43DB0756
:1046F000C9D441E7DDF81C904FF0000856E60227C8
:104700006AE7159A002AE0D082E6AE427FF480AED6
:10471000012EDADD711E049800F058FD00283FF4E8
:1047200077AE039B5B68D0E7039B1B68013B9E420F
:1047300024D0222422E74544C6F1200655F8040C73
:1047400000F0CCF9B042B8DAD9E6049BDDF8149059
:1047500059684846013100F005F904990B699A1C23
:10476000054692000C310C30F6F7D2FE049948460B
:1047700000F01EF904952B691435B3E6731106F0A9
:104780001F0655F823200123B340134214BF2124F0
:104790002224F3E630B4046808E014F8013FA3F1E2
:1047A0004105192D98BF2033934208D111F8012BF0
:1047B000002AF2D101340460012030BC704700208F
:1047C00030BC70472DE9F04F0B68DFF8749185B06D
:1047D000591102EB810113F01F0301911CBF043139
:1047E0000191019C029003930023194644F8043C74
:1047F0009A469E46029BA4F1040C1D68E046604662
:1048000015F8013F23B319F80340002C43D1202BA6
:104810005DD8D645F4DD404513D2072911DCC1F13E
:10482000080189000668C1F1200B03465F6807FA9A
:104830000BF4344327FA01F61C6043F8046F9845E3
:10484000F4D890423AD815F8013F0821002BDAD16C
:10485000BEF1000F3DD0404501D207295CDD9042FA
:104860003BD9134650F8041B43F8041B8445F9D286
:10487000002143F8041B9C45FBD2019B53F8043CE8
:104880002BB962453AD05CF8043D002BF9D00520E5
:1048900005B0BDE8F08F013108290EF1010E06DDEB
:1048A0009042ADD9002340F8043C0121043803684C
:1048B00004F00F0444EA03140460A1E70023A0F10C
:1048C000040840F8043CF2464046194698E7292B74
:1048D0001BD0042005B0BDE8F08F039B002BCCD08B
:1048E000019C039B54F8041CC3F120034FF0FF30DC
:1048F00020FA03F30B4044F8043CC1E701230520F0
:10490000CCF8003005B0BDE8F08F029B01351D608A
:10491000BEF1000F9FD1DCE7C1F108039B000568E1
:10492000C3F1200701464E6806FA07F42C4326FA25
:1049300003F50C6041F8045F8845F4D88FE700BFA9
:10494000987B0100F0307047044A054B1268506BA9
:10495000002808BF1846F030704700BFA8A2FF1F0C
:10496000ACA2FF1FC36C70B505460C464BB153F8A3
:10497000240080B1026843F8242000230361C3604F
:1049800070BD2122042100F0FFFCE86403460028EA
:10499000EDD1002070BD012101FA04F6721D2846F8
:1049A000920000F0F1FC0028F3D044608660E4E758
:1049B00031B1C36C4A6853F82200086043F82210F2
:1049C000704700BFF0B50C6983B00D46064601F193
:1049D000140E0027DEF8000081B202FB01310B0C3F
:1049E000000C02FB003389B2013701EB0341BC42EA
:1049F0004EF8041B4FEA1343ECDC3BB1AA68944227
:104A000007DA05EB8402013453612C61284603B0B8
:104A1000F0BD6968019301313046FFF7A3FF2A69B1
:104A2000023205F10C01074692000C30F6F770FDDA
:104A3000F26C6968019B52F82100286042F821500D
:104A40003D46DEE72DE9F843234C089D1F46083319
:104A500084FB034EDB17C3EB6E0EBEF1010F06465F
:104A60000C46904635DD012300215B009E4501F197
:104A70000101FADC3046FFF775FF0123B8F1090F99
:104A80004561036121DD04F109094D46444415F8EF
:104A9000013B0146303B0A223046FFF793FFA54217
:104AA000F5D109EB0804083C47450CDDC8EB0707C6
:104AB000274414F8013B0146303B0A223046FFF7F9
:104AC00081FFA742F5D1BDE8F8830A344FF0090809
:104AD000EAE70021CEE700BF398EE338030C1B0460
:104AE000B3B90004102310F07F4F04BF0002083355
:104AF00010F0704F04BF0001043310F0404F04BFAA
:104B000080000233002807DB420003D420207047D6
:104B10000023E8E7581C704718467047036813F0F5
:104B2000070207D0D90720D49A0720D49B08036036
:104B30000220704799B209B91B0C102213F0FF0F25
:104B400004BF1B0A0832190704BF1B090432990766
:104B500004BF9B080232D90704D45B0801D120208E
:104B600070470132036010467047002070475B08B1
:104B700003600120704700BF10B50C460121FFF70C
:104B8000F1FE01224461026110BD00BF2DE9F04F2A
:104B90000D691769BD4283B00C46164604DA2A46F1
:104BA00034463D460E461746A368616805EB070884
:104BB0009845C8BF0131FFF7D5FE00F1140C0CEB8E
:104BC0008809CC45009005D26346002143F8041BB8
:104BD0009945FBD806F1140202EB870A04F114038D
:104BE000524503EB850E54D2CDF80490994652F805
:104BF000043B1FFA83FBBBF1000F20D000204F467F
:104C00006646054600E01E4657F8044B3068A1B2E0
:104C100083B20BFB0131240C000C4B190BFB04007D
:104C200000EB134099B2334641EA0041BE454FEADA
:104C3000104543F8041BE6D8756052F8043C5FEA5F
:104C4000134B20D0DCF80030674618464D46002153
:104C500000E037462C88000C0BFB040001449CB29A
:104C60003E4644EA014346F8043B786855F8044B55
:104C700083B2240C0BFB043404EB1143AE454FEA22
:104C80001341E6D87B6092450CF1040CAFD8DDF8F7
:104C90000490B8F1000F0BDD59F8043CA9F10409A8
:104CA0001BB105E059F8043D13B9B8F10108F9D179
:104CB0000098C0F8108003B0BDE8F08F12F0030335
:104CC0002DE9F041144607462ED10E46A4101CD003
:104CD000BD6C95B3E3074FF0000806D4641014D000
:104CE0002868A8B10546E307F8D52A463146384674
:104CF000FFF74CFFB6B17268FB6C641053F82210DA
:104D0000316043F822600646EAD13046BDE8F081C2
:104D10002A4629463846FFF739FF2860C0F8008048
:104D20000546E0E70646D9E75A1E0B4D002355F825
:104D30002220FFF747FE0646C8E701213846FFF765
:104D400011FE40F2712101220023416102610546FA
:104D5000B8640360BEE700BF607D01002DE9F04745
:104D600091460A698B684FEA691404EB020808F15E
:104D700001059D420E468246496804DD5B009D4266
:104D800001F10101FADC5046FFF7ECFD002C00F1C7
:104D9000140238DD02EB8403002142F8041B934225
:104DA000FBD1346906F1140119F01F0901EB840EDF
:104DB00021D0C9F1200200240F6807FA09FC4CEA4F
:104DC00004049C4643F8044B51F8044B8E4524FAE6
:104DD00002F4F1D8CCF804400CB108F10205DAF87D
:104DE0004C307268013D53F822100561316043F880
:104DF0002260BDE8F087043B51F8042B43F8042FF0
:104E00008E45F9D8EBE71346CBE700BF02690B6983
:104E1000D21A12D19B0014301431194410B4034437
:104E200001E098420BD253F8044D51F8042D9442FE
:104E3000F7D007D3012010BC704710467047002000
:104E400010BC70474FF0FF30F5E700BF2DE9F84385
:104E50000B690F4611695B1A002B904617D1890028
:104E600007F1140208F114055318294401E09A428D
:104E70005ED253F8046D51F8044DA642F7D060D2CB
:104E80003B46144647464FF00109984606E05DDB75
:104E900007F1140502F114044FF000097968FFF7D7
:104EA00061FDD8F810303E69C0F80C9004EB830C1B
:104EB000A64605EB860700F1140400235EF8041BE8
:104EC00055F8048B8AB213FA88F3090C9A1AC1EBCD
:104ED000184303EB224392B242EA0342F44544F8FA
:104EE000042B4FEA2343E9D8AF4217D9A4462946F9
:104EF00051F804EB13FA8EF2131403EB1E4392B233
:104F000042EA03428F424CF8042B4FEA2343EFD886
:104F1000ED433D4425F0030504352C44043C22B9FF
:104F200054F8043D013E002BFAD00661BDE8F88339
:104F30000021FFF717FD0122002302614361BDE854
:104F4000F8832C464FF000091546A7E73B4607F1CA
:104F5000140408F1140547464FF0010998469DE7EF
:104F60000F4B0B40A3F15073002B02DD00201946BC
:104F700070475B421B15132B0BDD143B1E2BDDBF53
:104F8000C3F11F03012202FA03F301230021184693
:104F900070474FF40022002042FA03F1704700BF2F
:104FA0000000F07F2DE9F041066900F1140808EBDC
:104FB000860656F8047C3846FFF790FDC0F12003C2
:104FC0000A280B60A6F104031ADC984538BF56F88E
:104FD000083CC0F10B0227FA02F138BF23FA02F2B3
:104FE00000F1150341F07F5528BF002207FA03F3B3
:104FF00045F4401543EA020420462946BDE8F08105
:10500000984520D2B0F10B0256F8081C1ED007FAC2
:1050100002F040F07F50C2F12007A6F1080340F4EF
:10502000401021FA07FE984540EA0E0520D256F8B6
:105030000C3C01FA02F023FA07F202431446204620
:105040002946BDE8F0810B3809D1014647F07F556C
:105050000C4645F4401520462946BDE8F08107FA84
:1050600000F040F07F55002245F440151446E6E775
:1050700001FA02F21446E2E72DE9F04182B0012183
:105080001C46C3F30A571546089EFFF76BFCC4F392
:10509000130480460FB144F4801401941DB302A898
:1050A00040F8085DFFF73AFD002834D19DE80C0078
:1050B000C8F81420002B0CBF01210221C8F81830B9
:1050C000C8F81010DFB908EB8103A0F2324030605D
:1050D0001869FFF703FD099BC0EB411018604046BB
:1050E00002B0BDE8F08101A8FFF718FD019BC8F8E8
:1050F000143001212030C8F81010002FE3D0099B94
:10510000A7F233470744C0F13500376018604046C6
:1051100002B0BDE8F0819DE80C00C0F1200103FA67
:1051200001F10A43C3400193C8F81420C2E700BF4D
:105130002DE9F04383B00E4669460746FFF732FF7C
:1051400004460D46304601A9FFF72CFF89469DE82D
:105150000A003A693669C91A961B01EB4613002BFF
:1051600080460BDD05EB03510D4642464B4620467B
:105170002946F9F7BFFC03B0BDE8F083A9EB03575C
:10518000B946F2E770B4146902F1140301394E1103
:1051900003EB84040136A34200EB86060CD2011F08
:1051A00053F8045B41F8045F9C42F9D8A31A153BFD
:1051B00023F0030304331844864204D9002340F843
:1051C000043B8642FBD870BC704700BF03694A119C
:1051D000934210B400F114040FDA04EB83039C42F1
:1051E0001FD253F8040C043B18B114E053F8042DFB
:1051F0008AB99C42FAD310BC70470FDD11F01F0131
:105200000CD054F8220020FA01F303FA01F188428D
:1052100004EB8203E3D0012010BC704704EB82034F
:10522000DDE70020E7E700BF2DE9F04F936883B08A
:105230009046002B72D083464FF00009166808682C
:105240008B680D464C46002C45D09C421F469A4622
:1052500046D3AB8913F4906F2DD06F69296907EBA2
:105260004707C1EB000A07EBD777601C7F1050445B
:10527000B8423A4684BF07463A465B0533D51146E5
:105280005846F9F781FE002837D052462969019027
:10529000F6F73EF9AA89019B22F4906242F080025F
:1052A000AA81CAEB070203EB0A006F612B61286039
:1052B000AA602746A24652464946FAF7BBF9D8F8F3
:1052C0000820AB682868DB1B5044141BAB602860C7
:1052D000C8F8084014B3D6F8009074680836B2E7EE
:1052E0002746A246E7E75846FAF75AFA0346002847
:1052F000D7D129695846FEF789FE0C23CBF8003038
:10530000AB89002243F040034FF0FF30AB81C8F877
:105310000820C8F8042003B0BDE8F08F0020C8F8CA
:10532000040003B0BDE8F08F70B515469AB014685C
:1053300009B1002C1AD100244FF42272ADF80C20D0
:10534000009404941A464FF6FF761E9B0294694619
:105350000594ADF80E60FCF709FA002811DB009BFC
:10536000286000221A7004981AB070BD4FF4C16210
:1053700000910491ADF80C20E4DA8B230360002047
:10538000F2E70020F0E700BF10B502FB01F1F9F7EA
:10539000FBFD0446D8B150F8042C22F00302043A75
:1053A000242A18D8132A14D900231B2A0360436027
:1053B00016D9242A8360C36011BF00F11002036173
:1053C000436100F11802002313605360936020468C
:1053D00010BD0246F7E70021FAF790F9204610BD0C
:1053E00000F10802EFE700BF53B94AB9002908BF2E
:1053F00000281CBF4FF0FF314FF0FF3000F07EB9A6
:10540000ADF1080C6DE904CE00F006F8DDF804E01B
:10541000DDE9022304B070472DE9F0478C460E46C3
:105420000446089D002B50D18A4217466CD9B2FA27
:1054300082FEBEF1000F0BD0CEF1200420FA04F45E
:1054400001FA0EF644EA060C02FA0EF700FA0EF420
:105450004FEA1749220CBCFBF9F01FFA87F809FB49
:1054600010C642EA064600FB08F3B34209D9F61912
:1054700000F1FF3280F02281B34240F21F810238F6
:105480003E44F61AA2B2B6FBF9F309FB136642EAF0
:10549000064403FB08F8A04509D9E41903F1FF32DB
:1054A00080F00A81A04540F20781023B3C44C8EBF2
:1054B000040443EA00400021002D62D024FA0EF4D7
:1054C00000232C606B60BDE8F0878B4207D9002D6C
:1054D00055D0002185E841000846BDE8F087B3FAC1
:1054E00083F1002940F09080B34202D3824200F25F
:1054F000F880841A66EB03060120B446002D40D0E4
:1055000085E81010BDE8F08712B90127B7FBF2F764
:10551000B7FA87FEBEF1000F35D1F31B4FEA1748EB
:105520001FFA87FC0121B3FBF8F0220C08FB1036B0
:1055300042EA06460CFB00F3B34207D9F61900F124
:10554000FF3202D2B34200F2CE801046F61AA2B267
:10555000B6FBF8F308FB136642EA06440CFB03FCB7
:10556000A44507D9E41903F1FF3202D2A44500F2A1
:10557000B5801346CCEB040443EA00409CE729467F
:105580002846BDE8F087CEF1200106FA0EF307FAAF
:105590000EF720FA01F94FEA1748CE4049EA03090D
:1055A000B6FBF8FA4FEA194408FB1A661FFA87FCA3
:1055B00044EA06430AFB0CF29A4200FA0EF40AD9B6
:1055C000DB190AF1FF3180F087809A4240F2848033
:1055D000AAF1020A3B449B1A1FFA89F9B3FBF8F1BE
:1055E00008FB113349EA034301FB0CF69E4207D93D
:1055F000DB1901F1FF326BD29E4269D902393B447B
:105600009B1B41EA0A418EE7C1F1200E22FA0EF4FB
:105610008B40234320FA0EF706FA01F44FEA134CAD
:1056200026FA0EF63C43B6FBFCF9270C0CFB196678
:105630001FFA83F847EA064609FB08F7B74202FA61
:1056400001F200FA01FA08D9F61809F1FF3041D247
:10565000B7423FD9A9F102091E44F61BA0B2B6FB1E
:10566000FCF40CFB146640EA064704FB08F8B84556
:1056700007D9FF1804F1FF3028D2B84526D9023CDB
:105680001F4444EA0940C8EB0707A0FB02894F45C5
:1056900044464E4614D329D065B3BAEB040367EBF6
:1056A000060707FA0EFECB40CF404EEA030385E81B
:1056B00088000021BDE8F0871346F8E61046E0E6D2
:1056C000B8EB020469EB03060138E5E70446D8E7C6
:1056D000114695E78146C0E78A467CE7023B3C4499
:1056E00048E708460AE702383E442FE7C245E7D3B9
:1056F0003E46D1E72946BDE8F08700BF704700BFAE
:105700000000000000000000DD040000D1040000E3
:105710006D040000C504000000000000000000004F
:10572000B9040000AD040000A104000095040000CD
:10573000A4670100B4670100C4670100D4670100D9
:105740000000000000000000000000005005B00450
:1057500032350000000000005005B0043235000072
:10576000000000005005B0043235000000000000C9
:105770005005B00432350000000000005005B004B0
:1057800032350000000000005005B0043235000042
:10579000000000005005B004323500000000000099
:1057A0005005B00432350000000000005005B00480
:1057B00032350000000000005005B0043235000012
:1057C000000000005005B004323500000000000069
:1057D0005005B00432350000000000000000000059
:1057E00000000000000000005005B0043235000049
:1057F000000000005005B004323500000000000039
:105800005353574543000000454D455247454E43CD
:1058100059204C4F47494E000000000058670100D6
:1058200068670100746701008467010090670100E8
:105830009C670100001F1C1F1E1F1E1F1F1E1F1E16
:105840001FFFFFFF09556E69782074733A20256C9D
:10585000640A000009525443207365743A20256C91
:10586000750A0000095554432074696D653A202576
:105870002E32643A252E32643A252E32640A0A000A
:10588000095254432E7365742829206661696C653A
:10589000640A000009736572766572207265737020
:1058A0006F6E73653A2025632563256325630A0AB5
:1058B0000000000009756E73796368726F6E697A13
:1058C0006564207365727665720A0A004E54502032
:1058D000726571756573742074696D656F75740A8E
:1058E0000A0000004E545020726571756573742073
:1058F0006661696C0A0A000077616974696E6720E5
:105900003130207365636F6E6473206265666F72F9
:1059100065207265747279202E2E2E005B73797368
:1059200074656D5D000000005B686162697461749C
:1059300020415D005B6861626974617420425D00B2
:105940005B686162697461742045435D000000001A
:105950005B75736572735D006E6F2076616C756543
:1059600020696E206C696E65200000003B20737911
:105970007374656D2077696C6C2075736520646540
:105980006661756C742076616C756500097761726B
:105990006E696E673A202533643A2025732075734B
:1059A000696E672064656661756C740A00000000AA
:1059B000676F6F64206E616D65206661696C3A2067
:1059C00025630A0076616C756520737472696E6771
:1059D00020746F6F206C6F6E6700000073746F72BD
:1059E00065000000696E76616C69642073746F7283
:1059F00065206E756D62657200000000756E6B6EDD
:105A00006F776E20636F6E66696700006D616E75FB
:105A1000665F646174650000696E76616C6964201C
:105A20006D616E756620646174650000686162690D
:105A30007461745F72657600706F776572667275F7
:105A400000000000707772465255207265763A2049
:105A50003078252E34580A00696E76616C696420AE
:105A6000706F776572465255207265766973696FFB
:105A70006E0000006461776E00000000696E766160
:105A80006C69642074696D65000000006475736B57
:105A90000000000066616E5F74656D705F3100002C
:105AA000696E76616C69642074656D70657261748D
:105AB0007572650066616E5F74656D705F320000BF
:105AC00066616E5F74656D705F330000646863705B
:105AD00000000000696E76616C6964206468637020
:105AE0002073657474696E6700000000696E7661EA
:105AF0006C69642069700000696E76616C6964206D
:105B00006D61736B000000007365727665725F698A
:105B100070000000696E76616C696420736572764E
:105B20006572206970000000747A0000756E7375EC
:105B300070706F727465642074696D65207A6F6E21
:105B40006500000064737400696E76616C6964209E
:105B50006473742073657474696E6700756E726522
:105B6000636F676E697A65642073657474696E67C4
:105B7000000000002863686172202A296E6F74207B
:105B80006B65792F76616C756520706169720000B4
:105B90006461795F615F0000696E76616C696420A1
:105BA0006472617765722F636F6D706172746D6579
:105BB0006E7400006E696768745F615F00000000CA
:105BC000686C616D705F615F00000000696E7661F6
:105BD0006C69642077617474616765006461795FE2
:105BE000625F00006E696768745F625F00000000BA
:105BF000686C616D705F625F000000006461795FD6
:105C000065635F746F7000006E696768745F6563D9
:105C10005F746F7000000000686C616D705F656399
:105C20005F746F70000000006461795F65635F629C
:105C30006F7400006E696768745F65635F626F749C
:105C400000000000686C616D705F65635F626F7477
:105C5000000000006E616D655F000000696E766196
:105C60006C6964206E616D6520696E646578000002
:105C7000696E76616C69642075736572206E616D02
:105C80006500000070696E5F00000000696E76615B
:105C90006C69642070696E20696E6465780000002C
:105CA00070696E2076616C7565206E6F7420756EFC
:105CB0006971756500000000696E76616C69642029
:105CC00070696E2076616C756500000072696768A6
:105CD00074735F00696E76616C69642072696768CD
:105CE000747320696E64657800000000696E7661E7
:105CF0006C6964207269676874732076616C75657D
:105D0000000000007761726E696E67004552524F65
:105D100052000000097761726E696E673A205B7508
:105D2000736572735D206C69737420636F6E746148
:105D3000696E732075736572207769746820666177
:105D400063746F7279207269676874733A2075732F
:105D500065723A2025640A000925733A206F6E6542
:105D60002065616368206F66206C65616465722CD4
:105D700020736572766963652C20616E64204954D6
:105D80002074656368207573657273207265717520
:105D9000697265640A000000257300006E616D651C
:105DA0000000000072696768747300005B737973A8
:105DB00074656D5D0A0000005B68616269746174FE
:105DC00020415D0A000000005B68616269746174D3
:105DD00020425D0A000000005B68616269746174C2
:105DE0002045435D0A0000005B75736572735D0AB0
:105DF000000000007072696D617279006261636B0E
:105E00007570000077726974696E6720257320735E
:105E1000657474696E67730A0000000065726173CF
:105E2000696E672025732073657474696E67730AE1
:105E300000000000097761726E696E673A206D613B
:105E40006E75666163747572652064617465206146
:105E50006C7265616479207365743A0A0000000011
:105E6000090973746F726564206D616E7566616394
:105E70007475726520646174653A2025642D25303F
:105E800032642D253032640A000000000909202008
:105E9000206E6577206D616E7566616374757265DD
:105EA00020646174653A2025642D253032642D25E7
:105EB000303264006F76657277726974652073742E
:105EC0006F72656420646174652077697468206E00
:105ED000657720646174653F000000006C6F616449
:105EE00065720000097761726E696E673A206861B9
:105EF0006269746174207265766973696F6E20617E
:105F00006C7265616479207365743A0A0000000060
:105F1000090973746F7265642068616269746174E1
:105F2000207265766973696F6E3A202532642E257A
:105F30002E32640A0000000009092020206E6577D7
:105F40002068616269746174207265766973696F33
:105F50006E3A202532642E252E32640A000000009D
:105F60006F76657277726974652073746F72656499
:105F7000207265766973696F6E2077697468206E28
:105F80006577207265766973696F6E3F0000000067
:105F9000097761726E696E673A2073746F7265205B
:105FA0006E756D62657220616C72656164792073D3
:105FB00065743A0A00000000090973746F72656421
:105FC0002073746F7265206E756D6265723A20255C
:105FD0002E34640A0000000009092020206E657735
:105FE0002073746F7265206E756D6265723A20253C
:105FF0002E34640A000000002E0000004A756E2056
:10600000203520323032360031333A34383A3434A5
:10601000000000004E4150207574696C6974793A33
:1060200020696E69206C6F616465722053440A4276
:1060300075696C642025732025730D0A000000002B
:10604000720D0000644E4150207574696C6974795A
:106050003A20202020696E69206C6F61646572208F
:1060600053442020200D0000576972650000000095
:10607000666174616C206572726F723A2063616E42
:106080006E6F7420636F6D6D756E696361746520EA
:1060900077697468206672616D0D0A00696E7365B8
:1060A0007274207553440D0A00000000755344209B
:1060B000696E7374616C6C65640D0A006D6F6E6956
:1060C000746F72206D7573742073656E64206E65D5
:1060D000776C696E650A63686F6F736520696E69B6
:1060E0002066696C6520746F206C6F61643A0D0ADC
:1060F000000000000D0A6572726F7220696E69748B
:1061000069616C697A696E67207553443B206373DB
:106110003A2025643B2068616C662D737065656468
:10612000206D6F64650D0A002E696E690000000025
:10613000205B2532645D20252D3332732000000062
:106140000D0A6E6F202E696E692066696C6573207A
:10615000666F756E64206F6E2075534420636172A4
:10616000642E0D0A6C6F616465722073746F7070B9
:1061700065643B20726573657420746F207265736B
:10618000746172740000000053414C542F6C6F61B5
:106190006465723E2000000025640D0A00000000C6
:1061A0000D0A72656164696E672025730D0A00002F
:1061B0000D0A66696C6520257320646964206E6F22
:1061C00074206F70656E0D0A00000000696E7661C4
:1061D0006C69642063686F6963653A2025640A000E
:1061E000696C6C6567616C2063686172616374657A
:1061F000723A2025630A00000D0A72656164696EB7
:10620000670D0A000D0A72656164202564206368C9
:10621000617261637465727320696E2025646D73A9
:106220000D0A00000D0A636865636B696E670D0AED
:10623000000000006D6973706C6163656420636FBA
:106240006D6D656E740000004552524F523A2072D7
:106250006571756972656420636F6E666967206D2C
:10626000697373696E670A004552524F523A207241
:10627000657175697265642073746F7265206D69EC
:106280007373696E670A00004552524F523A20728A
:1062900065717569726564206D616E7566206461F3
:1062A0007465206D697373696E670A000A2323237E
:1062B00023232323232323232323232323232323AE
:1062C000232323232323232323232323232323239E
:1062D0002323232323232323232323230A00000010
:1062E00023230A002323092564206572726F722814
:1062F00073293B202564207761726E696E6728736D
:10630000293B0A00232309636F6E66696775726112
:1063100074696F6E206E6F74207772697474656E25
:106320002E0D0A002323096C6F616465722073745B
:106330006F707065643B20726573657420746F20A4
:10634000726573746172740A0000000023232323B2
:10635000232323232323232323232323232323230D
:1063600023232323232323232323232323232323FD
:1063700023232323232323232323230A0000000092
:1063800030206572726F722873293B202564207754
:1063900061726E696E672873292E0D0A0000000075
:1063A00069676E6F7265207761726E696E677320C0
:1063B000616E642077726974652073657474696EA8
:1063C000677320746F206672616D3F000A0A616214
:1063D000616E646F6E65640D0A000000756E616227
:1063E0006C6520746F20777269746520746F206605
:1063F00072616D207072696D6172792E206C6F61AF
:106400006465722073746F707065643B207265738D
:10641000657420746F20726573746172742E2063CA
:106420006865636B2077726974652070726F74653C
:106430006374206A756D7065720A00000970726974
:106440006D6172792073657474696E67732061720F
:10645000656120646964206E6F7420657261736584
:106460002E206C6F616465722073746F7070656448
:106470003B20726573657420746F2072657374615C
:1064800072740D0A00000000756E61626C65207404
:106490006F20777269746520746F206672616D2059
:1064A0006261636B75702E206C6F6164657220731E
:1064B000746F707065643B20726573657420746FCF
:1064C00020726573746172742E20636865636B203B
:1064D00077726974652070726F74656374206A7571
:1064E0006D7065720A000000096261636B7570204F
:1064F00073657474696E6773206172656120646985
:1065000064206E6F742065726173652E206C6F61FC
:106510006465722073746F707065643B207265737C
:10652000657420746F20726573746172740D0A0053
:10653000637263206D61746368206661696C757253
:10654000652E202064756D702073657474696E67A4
:10655000732066726F6D206672616D3F00000000EF
:106560000D0A637263206D61746368206661696CF3
:106570007572652E206C6F616465722073746F7024
:106580007065643B20726573657420746F2072655A
:1065900073746172740D0A007072696D6172792092
:1065A0006372633A203078252E34580A00000000C8
:1065B0006261636B757020637263206D61746368E0
:1065C000206661696C7572652E202064756D70207F
:1065D0006261636B75702073657474696E67732094
:1065E00066726F6D206672616D3F00000D0A626118
:1065F000636B757020637263206D617463682066DD
:1066000061696C7572652E206C6F616465722073B0
:10661000746F707065643B20726573657420746F6D
:1066200020726573746172740D0A00006261636B9D
:106630007570206372633A20203078252E34580A12
:10664000000000000D0A0D0A6672616D207365740A
:1066500074696E677320777269746520636F6D70FB
:106660006C6574650D0A0D0A000000000D0A0A64CD
:106670006F6E650D0A00000064756D7020667261B2
:106680006D206C6F67206D656D6F72793F00000043
:10669000696E697469616C697A65206672616D20E2
:1066A0006C6F67206D656D6F72793F000D0A696EC2
:1066B000697469616C697A696E67206672616D20C0
:1066C0006C6F67206D656D6F72790D0A00000000B8
:1066D0000D0A657261736564202564206672616DC0
:1066E00020627974657320696E2025646D730D0ACC
:1066F000000000007365742053414C5420636C6F9C
:10670000636B3F006E74702E73657475702829205A
:106710006661696C65643B20636C6F636B206E6FB0
:1067200074207365740A00000D0A6C6F61646572F1
:106730002073746F707065643B207265736574209C
:10674000746F20726573746172740D0A000000002A
:106750003932383830000000736F667477617265C3
:106760002072657365740000706F776572206F6EBC
:106770000000000065787465726E616C207265734C
:10678000657400007761746368646F6700000000DF
:106790006C6F7720766F6C7461676500756E6B6ED9
:1067A0006F776E00706F6F6C2E6E74702E6F7267E5
:1067B0000000000074696D652E6E6973742E676F3A
:1067C000760000003139382E36302E32322E3234F7
:1067D00030000000636C6F636B2E786D69737369B2
:1067E0006F6E2E636F6D0000464143544F52590047
:1067F00049542054454348005345525649434500A7
:106800004C454144455200004153534F4349415484
:1068100045000000505354004D535400435354005E
:106820004553540041535400414B53540000000061
:106830004841535400000000594553004E4F00009A
:1068400042324200423242574543000042324257F0
:1068500045433400534253005353000053535745AC
:10686000433400FF0000000000000000CDB600002F
:10687000FDDF00006D04000071040000CDB60000D3
:10688000CDB60000CDB60000656D70747900FFFFD5
:106890000000000000000000B9300000E1300000FE
:1068A0006D040000B5300000A5300000313E00004E
:1068B000593E0000140000001600000018000000FF
:1068C0001A0000001C0000001E0000002000000054
:1068D0002200000024000000280000002C0000001E
:1068E0003000000034000000380000003C000000D0
:1068F000400000004400000048000000500000007C
:1069000058000000600000006800000070000000F7
:10691000800000008800000090000000A00000003F
:10692000B0000000C0000000E0000000F000000027
:106930000001000020010000400100006001000093
:1069400080010000C0010000E00100000002000022
:1069500040020000800200000003000080030000ED
:10696000C0030000000400008004000000050000D7
:10697000000600008007000000070000000800007B
:1069800000090000000A0000000C0000000F0000D9
:1069900000010203040509060A070C0D430E451207
:1069A0000F13141519161A174F1C1D551E221F23DD
:1069B000242595262A272B2C2D2E322F333435369D
:1069C000373A3B3C3D3E3FFF09636865636B207887
:1069D0006665725F6372633A203078252E34583BC7
:1069E000205B636F756E743A2025643B2078666582
:1069F000725F6C656E3A20256420283078252E342D
:106A000058295D0A0000000009786665725F6372AC
:106A10006320636865636B204641494C0A000000AF
:106A200009786665725F6C656E20636865636B20CC
:106A30004641494C0A0000000967656E6572617441
:106A4000652078666572206372633A203078252E5F
:106A500034583B205B636F756E743A2025645D0A81
:106A6000000000006672616D2073657474696E6762
:106A70007320746F206275666665723A20706720B5
:106A80007264206661696C3A203078252E32580A8B
:106A9000000000006275666665725F7365747469F4
:106AA0006E67735F746F5F755344206661696C65D0
:106AB000640A00006765745F6372635F6672616D8C
:106AC0003A207067207264206661696C3A203078E1
:106AD000252E32580A0000006275666665722073C2
:106AE000657474696E677320746F206672616D3AA5
:106AF000207067207772206661696C3A20307825B3
:106B00002E32580A000000006275666665722073B6
:106B1000657474696E677320746F206672616D3A74
:106B200020637263207772697465206661696C0AFC
:106B300000000000696E76616C6964206C656E67A8
:106B400074683A2025730A00696E76616C69642066
:106B5000636861723A2025730A000000616C6C2042
:106B600073616D65206469676974732074657374FB
:106B70003A2025730A000000696E6372656D656EC8
:106B800074696E67206469676974732074657374CF
:106B90003A2025730A00000064656372656D656EB6
:106BA00074696E67206469676974732074657374AF
:106BB0003A2025730A0000004552524F523A2025D0
:106BC0007320696E206C696E652025640A000000E0
:106BD0005353574543000000323500007073740072
:106BE0006D73740063737400657374006173740073
:106BF000616B737400000000686173740000000032
:106C00006E6F0000796573006B65795F7074723A1E
:106C10002025730A00000000666163746F727900BA
:106C200073657276696365006974207465636800D2
:106C30006C656164657200006173736F6369617490
:106C40006500000025730A454F46206D61726B6533
:106C500072000000092533643A2025730A00FFFF03
:106C60000D0A706F72742025643A2053434C2070D3
:106C7000696E206C6F7700000D0A706F72742025AA
:106C8000643A2053434C2070696E2068696768003D
:106C90000D0A706F72742025643A205344412070AD
:106CA000696E206C6F770000464C4153485F435338
:106CB0002070696E20000000545F43532070696E9D
:106CC000200000004554485F43532070696E200047
:106CD0007553445F43532070696E200044495350FC
:106CE0005F43532070696E20000000004D4F5349F0
:106CF0002070696E200000004D49534F2070696E6E
:106D00002000000053434B2070696E206C6F7700A9
:106D100053434B2070696E2068696768000000006B
:106D20006661696C65642073772072657365742091
:106D3000617474656D70743A207265736574206255
:106D4000000000006661696C6564207377207265DD
:106D500073657420617474656D70743A2072657324
:106D600065742031000000000D0A53414C542F007F
:106D70003E20000020285B795D2F6E292000000056
:106D80002028792F5B6E5D29200000000A252E3413
:106D90005820202020000000252E327820000000FE
:106DA000202D20200000000020202000616E6F7444
:106DB00068657220706167653F000000706F642035
:106DC00074656D703A20257346202F20257343008B
:106DD000706F642074656D7020286D6178293A2089
:106DE000257346202F20257343000000706F642018
:106DF00074656D7020286D696E293A2025734620D0
:106E00002F20257343000000706F6420706F77653A
:106E100072206F75743A20252E3266562C20252E4E
:106E20003266412C20252E3266570000706F642098
:106E3000706F7765722074656D703A20252E32660A
:106E4000433B2066616E3A20252E30662052504D1D
:106E500000000000706F6420706F7765722073749B
:106E6000617475733A20313A203078252E32583BC0
:106E700020323A203078252E34583B20333A2030C7
:106E800078252E32583B20343A203078252E32583F
:106E90003B20353A203078252E32580025733A2091
:106EA00025733A20256C7500696E636F6D706C6593
:106EB000746520777269746520636F756E74000065
:106EC00064617461206C656E206572726F722063FC
:106ED0006F756E740000000074696D656F757420C5
:106EE000636F756E74000000726376206164647273
:106EF000206E61636B20636F756E74007263762021
:106F000064617461206E61636B20636F756E7400E1
:106F10006172626974726174696F6E206C6F7374F0
:106F200020636F756E740000627566666572206F0F
:106F3000766572666C6F7720636F756E7400000003
:106F40006F74686572206572726F7220636F756E00
:106F500074000000756E6B6E6F776E206572726FD5
:106F60007220636F756E7400646174612076616C69
:106F70007565206572726F7220636F756E740000A4
:106F800073696C6C792070726F6772616D6D657278
:106F9000206572726F7200006425730D000000009E
:106FA0006C636D3330300000746D7031303200002E
:106FB0006672616D000000004A3200004A33000032
:106FC0004A34000066657400667275001F1C1F1E3F
:106FD0001F1E1F1F1E1F1E1F70696E206D6F6269AE
:106FE0006C69747920746573743A20657870656390
:106FF0007465643A203078252E32583B20676F74D0
:107000003A203078252E32580A00FFFF3C80044099
:1070100000100000041A0000FF7F000011100000A3
:107020001D5800000C0800000002000000020000D3
:107030000B07000040020000000200000D0E0000DF
:1070400040020000000200000A020906141715168B
:107050000F0000000002000000020000000200001B
:107060000002000000020000000200000002000018
:1070700000020000000200000101020204040808EE
:10708000100000005344206572726F72436F646594
:107090003A203058000000002C3058006572726FA2
:1070A000723A200043616E277420616363657373D5
:1070B00020534420636172642E20446F206E6F74ED
:1070C000207265666F726D61742E00004E6F2063D2
:1070D0006172642C2077726F6E672063686970201C
:1070E00073656C6563742070696E2C206F72205319
:1070F00050492070726F626C656D3F00496E766119
:107100006C696420666F726D61742C207265666FA5
:10711000726D61742053442E0000000043616E279D
:1071200074206F70656E20726F6F74206469726571
:1071300063746F72792E00004E6F206572726F72E9
:1071400020666F756E642E000A4661696C65642066
:10715000746F20636F6E6669677572652045746829
:1071600065726E6574207573696E6720444843507C
:107170000A0000000A5564702E626567696E28294E
:10718000206661696C65640A000000005564702E19
:10719000626567696E5061636B657428292072654A
:1071A0007475726E656420300A40646F6D61696E3B
:1071B0003A2025730A0000005564702E77726974B6
:1071C0006528292072657475726E656420300A0026
:1071D0005564702E656E645061636B657428292058
:1071E00072657475726E656420300A007061727326
:1071F000655F7265745F76616C3A20256C643B2034
:10720000657870656374656420256C640A0000000D
:107210006E6F2075647020646174612061766169AD
:107220006C61626C65206F7220726563656976655A
:10723000206661696C65640A000000007564702056
:107240007265616420256C642062797465733B20EB
:10725000657870656374656420256C640A000000BD
:107260004E5450207278207061636B657420647591
:107270006D703A0A0000000009205B305D3A203052
:1072800078252E32580A000009095B372E2E365D0C
:107290003A202564202D206C65617020696E646938
:1072A0006361746F720A000009095B352E2E335D2D
:1072B0003A202564202D2076657273696F6E0A006E
:1072C00009095B322E2E305D3A202564202D206D79
:1072D0006F64650A0000000009205B315D3A2030D0
:1072E00078252E32582028256429202D2073747289
:1072F0006174756D0A00000009205B325D3A203030
:1073000078252E32582028256429202D20706F6C76
:107310006C0A000009205B335D3A203078252E325C
:10732000582028256429202D2070726563697369AF
:107330006F6E0A0009205B345D3A203078252E38C4
:107340005820282530642E256429202D20726F6F47
:10735000742064656C61790A0000000009205B38C4
:107360005D3A203078252E385820282530642E2587
:107370006429202D20726F6F7420646973706572A8
:1073800073696F6E0A000000095B31325D3A20308C
:1073900078252E38582028256C7529202D207265D7
:1073A000666572656E63652049440A00095B313683
:1073B0005D3A203078252E38582028256C752920F4
:1073C0002D207265666572656E63652054532028B2
:1073D000696E74290A000000095B32305D3A203082
:1073E00078252E3858202825302E386629202D2043
:1073F0007265666572656E636520545320286672F7
:107400006163290A00000000095B32345D3A2030D4
:1074100078252E38582028256C7529202D206F724C
:107420006967696E2054532028696E74290A000028
:10743000095B32385D3A203078252E3858202825CF
:10744000302E386629202D206F726967696E2054AE
:1074500053202866726163290A000000095B3332F9
:107460005D3A203078252E38582028256C75292043
:107470002D20726563656976652054532028696EF6
:1074800074290A00095B33365D3A203078252E389E
:1074900058202825302E386629202D2072656365F6
:1074A000697665205453202866726163290A0000BA
:1074B000095B34305D3A203078252E385820282555
:1074C0006C7529202D207472616E736D697420545F
:1074D000532028696E74290A00000000095B3434C7
:1074E0005D3A203078252E3858202825302E3866F1
:1074F00029202D207472616E736D6974205453209D
:107500002866726163290A0A00000000096B69732A
:1075100073206F27206465617468206D65737361E3
:1075200067653A2025632563256325630A0A000001
:10753000097072696D617279207374726174756D0E
:1075400020494420636F64653A20256325632563E1
:1075500025630A0A00FFFFFF57495A6E657400FF52
:10756000000000000000000061890000518A000056
:107570006D040000798900005D890000698A0000BF
:10758000398B000095890000598B00007D8900002F
:10759000358A0000C1890000458A0000CD8A0000BC
:1075A0009D8A00003D89000049890000598900003A
:1075B00001005E000000FFFF736F636B6574506F26
:1075C000727452616E642025642C20737263706F34
:1075D00072743D25640A00005735303030736F6394
:1075E0006B657420626567696E2C2070726F746FB2
:1075F000636F6C3D25642C20706F72743D25640DA3
:107600000A00000020202020666F756E6420636CE5
:107610006F73656420736F636B65742025750D0A45
:10762000000000002020202020202020573530306E
:1076300030736F636B65742073746570320A000079
:1076400020202020202020202020202057353030CE
:1076500030736F636B65742073746570330A000058
:1076600020202020416C6C20257520536F636B65B2
:10767000747320696E207573650A00002020202035
:107680005735303030736F636B657420666F72638B
:107690006520636C6F73652025750A00202020200B
:1076A0005735303030206D616B65736F636B657477
:1076B0002025750A0000000020202020573530309A
:1076C00030736F636B65742070726F743D25642C2A
:1076D0002052585F52443D25640A0000436C6F738A
:1076E000656400004C697374656E000045737461D5
:1076F000626C00004F70656E00000000307825302D
:10770000325820200000000020202020536F636B9F
:1077100065742825642920536E5372203D202573FB
:1077200020536E4D52203D2025730D0A00000000AD
:10773000436C735761697400436C6F73650000009C
:1077400054435000554450004950524157000000E6
:107750004D414352415700FF4008FE4340A00440C2
:107760004408FE4344A004400018FE4300C0044007
:107770003000FE43309004403400FE433490044017
:107780001C18FE431CC004401018FE4310C00440E7
:107790000818FE4308C004400C18FE430CC0044007
:1077A0000C10FE430CB004401010FE4310B0044017
:1077B0001810FE4318B004401C10FE431CB00440D7
:1077C0001410FE4314B004400418FE4304C00440E7
:1077D0000010FE4300B004400008FE4300A0044037
:1077E0000408FE4304A004400C08FE430CA004401F
:1077F0000808FE4308A004401418FE4314C00440C7
:107800001818FE4318C004400410FE4304B004409E
:107810000810FE4308B004401400FE4314900440D6
:107820004C08FE434CA004400420FE4304D0044016
:107830002410FE4324B004402010FE4320B0044036
:107840002810FE4328B004402C10FE432CB0044006
:107850000020FE4300D004404808FE4348A00440F6
:107860001000FE43109004400000000000000000E3
:10787000A1DD0000C5DD000081DE000079DE000032
:1078800071DE000069DE000061DE000029DE00001C
:1078900041DE000021DE000015DE000009DE0000F0
:1078A000FDDD0000EDDD0000DDDD0000D5DD0000C8
:1078B00065DD000071DD00007DDD000089DD000078
:1078C000ADDD000095DD00000000000000000000BC
:1078D000C9DE0000EDDE0000A9DF0000A1DF00002E
:1078E00099DF000091DF000089DF000051DF000018
:1078F00069DF000049DF00003DDF000031DF0000EC
:1079000025DF000015DF000005DF0000FDDE0000C0
:107910008DDE000099DE0000A5DE0000B1DE000073
:10792000D5DE0000BDDE0000000000000000000009
:10793000B5DF00000D0AFFFF00000000000000009E
:10794000D9E10000CDE10000C5E10000BDE100008B
:10795000B5E10000ADE10000A5E100009DE10000FF
:107960000015191500010000DC9DFF1F120000002A
:1079700000020000089EFF1F4300000000030000FB
:10798000649EFF1F0000000001030904F09DFF1F1B
:1079900000000000020309044C9EFF1F00000000CD
:1079A00003030904689EFF1F0000000000000000A0
:1079B0000000000000000000809EFF1F504F534950
:1079C0005800FFFF6E660000696E69747900000060
:1079D000616E00FF34000000CEFBFFFFCB03000010
:1079E0000100000000000000BC89D897B2D29C3C86
:1079F00033A7A8D523F649393DA7F444FD0FA53296
:107A00009D978CCF08BA5B25436FAC64280668113C
:107A100035000000CEFBFFFFCB030000010000009B
:107A20000000000030303030303030303030303016
:107A300030303030494E4600696E66004E414E008F
:107A40006E616E0030313233343536373839414269
:107A50004344454600000000303132333435363778
:107A6000383961626364656600000000286E756CD9
:107A70006C2900FF202020202020202020202020F2
:107A80002020202000202020202020202020282806
:107A900028282820202020202020202020202020CE
:107AA000202020202088101010101010101010100E
:107AB000101010101004040404040404040404103E
:107AC00010101010101041414141414101010101CC
:107AD0000101010101010101010101010101010196
:107AE00010101010101042424242424202020202A2
:107AF0000202020202020202020202020202020266
:107B00001010101020000000000000000000000015
:107B10000000000000000000000000000000000065
:107B20000000000000000000000000000000000055
:107B30000000000000000000000000000000000045
:107B40000000000000000000000000000000000035
:107B50000000000000000000000000000000000025
:107B60000000000000000000000000000000000015
:107B70000000000000000000000000000000000005
:107B80000000000000FFFFFF496E66696E697479AE
:107B9000000000004E614E000000000000000000E8
:107BA00000000000000000000000000000000000D5
:107BB00000000000000000000000000000000000C5
:107BC0000000000000000000101112131415161719
:107BD0001819000000000000001A1B1C1D1E1F00C9
:107BE0000000000000000000000000000000000095
:107BF0000000000000000000001A1B1C1D1E1F00DA
:107C00000000000000000000000000000000000074
:107C10000000000000000000000000000000000064
:107C20000000000000000000000000000000000054
:107C30000000000000000000000000000000000044
:107C40000000000000000000000000000000000034
:107C50000000000000000000000000000000000024
:107C60000000000000000000000000000000000014
:107C70000000000000000000000000000000000004
:107C800000000000000000000000000000000000F4
:107C90000000000000000000000000000000F03FB5
:107CA00000000000000024400000000000005940D7
:107CB0000000000000408F40000000000088C3402A
:107CC00000000000006AF8400000000080842E419F
:107CD00000000000D01263410000000084D79741EB
:107CE0000000000065CDCD41000000205FA00242F1
:107CF000000000E876483742000000A2941A6D4266
:107D0000000040E59C30A2420000901EC4BCD64258
:107D100000003426F56B0C430080E03779C3414303
:107D200000A0D8855734764300C84E676DC1AB4379
:107D3000003D9160E458E143408CB5781DAF154497
:107D400050EFE2D6E41A4B4492D54D06CFF0804472
:107D5000F64AE1C7022DB544B49DD9794378EA4487
:107D600005000000190000007D000000FFFFFFFF7C
:107D70000080E03779C34143176E05B5B5B8934627
:107D8000F5F93FE9034F384D321D30F94877825AF3
:107D90003CBF737FDD4F1575F8B500BFF8BC08BC5C
:107DA0009E467047A52F01003504000019280000E9
:107DB0003D450000F54B0000514F00006D7A00007A
:087DC0003D820000298900004A
:047DC800F8B500BF4B
:087DCC004CD6FF7F010000000E
:107DD40038B5084B1C681C6054B1074D94FAA4F3E1
:107DE400B3FA83F355F823309847631E1C40F5D14A
:107DF40038BD00BFA0D00440989DFF1F38B5084B84
:107E04001C681C6054B1074D94FAA4F3B3FA83F3CD
:107E140055F823309847631E1C40F5D138BD00BF88
:107E2400A0C00440789DFF1F38B5084B1C681C6037
:107E340054B1074D94FAA4F3B3FA83F355F82330FD
:107E44009847631E1C40F5D138BD00BFA0B0044064
:107E5400489DFF1F38B5084B1C681C6054B1074D82
:107E640094FAA4F3B3FA83F355F823309847631EC6
:107E74001C40F5D138BD00BFA0A00440F89CFF1FF2
:107E840038B5084B1C681C6054B1074D94FAA4F330
:107E9400B3FA83F355F823309847631E1C40F5D199
:107EA40038BD00BFA0900440C09CFF1F000000002C
:107EB40000000000000000000000000000000000BE
:107EC400000000006461795F415F44315F43310029
:107ED400000000002C8FFF1F6E696768745F415FAC
:107EE40044315F4331000000348FFF1F6461795FC8
:107EF400415F44315F43320000000000448FFF1FA4
:107F04006E696768745F415F44315F43320000000B
:107F14004C8FFF1F6461795F415F44315F433300DD
:107F2400000000005C8FFF1F6E696768745F415F2B
:107F340044315F4333000000648FFF1F6461795F45
:107F4400415F44325F43310000000000748FFF1F23
:107F54006E696768745F415F44325F4331000000BB
:107F64007C8FFF1F6461795F415F44325F4332005D
:107F7400000000008C8FFF1F6E696768745F415FAB
:107F840044325F4332000000948FFF1F6461795FC5
:107F9400415F44325F43330000000000A48FFF1FA1
:107FA4006E696768745F415F44325F433300000069
:107FB400AC8FFF1F6461795F415F44335F433100DD
:107FC40000000000BC8FFF1F6E696768745F415F2B
:107FD40044335F4331000000C48FFF1F6461795F45
:107FE400415F44335F43320000000000D48FFF1F21
:107FF4006E696768745F415F44335F433200000019
:10800400DC8FFF1F6461795F415F44335F4333005A
:1080140000000000EC8FFF1F6E696768745F415FAA
:1080240044335F4333000000F48FFF1F6461795FC2
:10803400415F44345F433100000000000490FF1F9F
:108044006E696768745F415F44345F4331000000C8
:108054000C90FF1F6461795F415F44345F433200D9
:10806400000000001C90FF1F6E696768745F415F29
:1080740044345F43320000002490FF1F6461795F41
:10808400415F44345F433300000000003490FF1F1D
:108094006E696768745F415F44345F433300000076
:1080A4003C90FF1F686C616D705F415F44315F43BA
:1080B400310000003C8FFF1F686C616D705F415F91
:1080C40044315F4332000000548FFF1F686C616DC0
:1080D400705F415F44315F43330000006C8FFF1FCA
:1080E400686C616D705F415F44325F433100000032
:1080F400848FFF1F686C616D705F415F44325F4322
:10810400320000009C8FFF1F686C616D705F415FDF
:1081140044325F4333000000B48FFF1F686C616D0D
:10812400705F415F44335F4331000000CC8FFF1F19
:10813400686C616D705F415F44335F4332000000DF
:10814400E48FFF1F686C616D705F415F44335F4370
:1081540033000000FC8FFF1F686C616D705F415F2E
:1081640044345F43310000001490FF1F686C616D5C
:10817400705F415F44345F43320000002C90FF1F66
:10818400686C616D705F415F44345F43330000008D
:108194004490FF1F000000000000000000000000E9
:1081A40000000000000000006461795F425F443118
:1081B4005F43310000000000F48DFF1F6E696768A3
:1081C400745F425F44315F4331000000FC8DFF1F48
:1081D4006461795F425F44315F4332000000000014
:1081E4000C8EFF1F6E696768745F425F44315F43A2
:1081F40032000000148EFF1F6461795F425F4431D6
:108204005F43330000000000248EFF1F6E6967681F
:10821400745F425F44315F43330000002C8EFF1FC4
:108224006461795F425F44325F43310000000000C3
:108234003C8EFF1F6E696768745F425F44325F4320
:1082440031000000448EFF1F6461795F425F443255
:108254005F43320000000000548EFF1F6E696768A0
:10826400745F425F44325F43320000005C8EFF1F44
:108274006461795F425F44325F4333000000000071
:108284006C8EFF1F6E696768745F425F44325F43A0
:1082940033000000748EFF1F6461795F425F4433D2
:1082A4005F43310000000000848EFF1F6E69676821
:1082B400745F425F44335F43310000008C8EFF1FC4
:1082C4006461795F425F44335F4332000000000021
:1082D4009C8EFF1F6E696768745F425F44335F431F
:1082E40032000000A48EFF1F6461795F425F443353
:1082F4005F43330000000000B48EFF1F6E6967689F
:10830400745F425F44335F4333000000BC8EFF1F41
:108314006461795F425F44345F43310000000000D0
:10832400CC8EFF1F6E696768745F425F44345F439D
:1083340031000000D48EFF1F6461795F425F4434D2
:108344005F43320000000000E48EFF1F6E6967681F
:10835400745F425F44345F4332000000EC8EFF1FC1
:108364006461795F425F44345F433300000000007E
:10837400FC8EFF1F6E696768745F425F44345F431D
:1083840033000000048FFF1F686C616D705F425FF3
:1083940044315F4331000000048EFF1F686C616D3F
:1083A400705F425F44315F43320000001C8EFF1F48
:1083B400686C616D705F425F44315F43330000005D
:1083C400348EFF1F686C616D705F425F44325F439F
:1083D400310000004C8EFF1F686C616D705F425F5E
:1083E40044325F4332000000648EFF1F686C616D8D
:1083F400705F425F44325F43330000007C8EFF1F96
:10840400686C616D705F425F44335F43310000000C
:10841400948EFF1F686C616D705F425F44335F43ED
:1084240032000000AC8EFF1F686C616D705F425FAC
:1084340044335F4333000000C48EFF1F686C616DDA
:10844400705F425F44345F4331000000DC8EFF1FE5
:10845400686C616D705F425F44345F4332000000BA
:10846400F48EFF1F686C616D705F425F44345F433C
:10847400330000000C8FFF1F322E3200000000007A
:10848400FFFF000031383A303000000000000000E7
:1084940000000000000000000000000000000000D8
:1084A40000000000383500000000000037350000EF
:1084B40000000000323500000000000038350000E4
:1084C40000000000373500000000000032350000D5
:1084D40000000000383500000000000037350000BF
:1084E40000000000323500000000000038350000B4
:1084F40000000000373500000000000032350000A5
:10850400000000003835000000000000373500008E
:108514000000000032350000000000003835000083
:108524000000000037350000000000003235000074
:10853400000000003835000000000000373500005E
:108544000000000032350000000000003835000053
:108554000000000037350000000000003235000044
:10856400000000003835000000000000373500002E
:108574000000000032350000000000003835000023
:108584000000000037350000000000003235000014
:1085940000000000383500000000000037350000FE
:1085A40000000000323500000000000038350000F3
:1085B40000000000373500000000000032350000E4
:1085C40000000000000000000000000000000000A7
:1085D400000000000000000000000000383500002A
:1085E40000000000373500000000000032350000B4
:1085F400000000003835000000000000373500009E
:108604000000000032350000000000003835000092
:108614000000000037350000000000003235000083
:10862400000000003835000000000000373500006D
:108634000000000032350000000000003835000062
:108644000000000037350000000000003235000053
:10865400000000003835000000000000373500003D
:108664000000000032350000000000003835000032
:108674000000000037350000000000003235000023
:10868400000000003835000000000000373500000D
:108694000000000032350000000000003835000002
:1086A40000000000373500000000000032350000F3
:1086B40000000000383500000000000037350000DD
:1086C40000000000323500000000000038350000D2
:1086D40000000000373500000000000032350000C3
:1086E40000000000383500000000000037350000AD
:1086F4000000000032350000000000004E4F000072
:1087040000000000E8670100F0670100F86701005D
:10871400006801000868010000000000000000007B
:108724000000000000000000000000006461795FA8
:1087340065635F746F700000000000001897FF1FEE
:108744006E696768745F65635F746F700000000032
:108754002097FF1F6461795F65635F626F74000037
:10876400000000003097FF1F6E696768745F6563DF
:108774005F626F74000000003897FF1F686C616DC2
:10878400705F65635F746F70000000002897FF1FBF
:10879400686C616D705F65635F626F7400000000F8
:1087A4004097FF1F000000000000000000000000D0
:1087B40000000000000000006E616D655F31000084
:1087C4000000000000000000CC1C002070696E5FF7
:1087D400310000000000000000000000DC1C00204C
:1087E4007269676874735F31000000000000000064
:1087F400E41C00206E616D655F3200000000000023
:1088040000000000F41C002070696E5F320000005C
:108814000000000000000000041D00207269676869
:1088240074735F3200000000000000000C1D002083
:108834006E616D655F330000000000000000000001
:108844001C1D002070696E5F3300000000000000F2
:10885400000000002C1D00207269676874735F3388
:108864000000000000000000341D00206E616D65F2
:108874005F3400000000000000000000441D0020E0
:1088840070696E5F3400000000000000000000000A
:10889400541D00207269676874735F34000000001F
:1088A400000000005C1D00206E616D655F350000F6
:1088B40000000000000000006C1D002070696E5F65
:1088C4003500000000000000000000007C1D0020B6
:1088D4007269676874735F3500000000000000006F
:1088E400841D00206E616D655F360000000000008D
:1088F40000000000941D002070696E5F36000000C7
:108904000000000000000000A41D002072696768D8
:1089140074735F360000000000000000AC1D0020EE
:108924006E616D655F37000000000000000000000C
:10893400BC1D002070696E5F37000000000000005D
:1089440000000000CC1D00207269676874735F37F3
:108954000000000000000000D41D00206E616D6561
:108964005F3800000000000000000000E41D00204B
:1089740070696E5F38000000000000000000000015
:10898400F41D00207269676874735F38000000008A
:1089940000000000FC1D00206E616D655F39000061
:1089A40000000000000000000C1E002070696E5FD3
:1089B4003900000000000000000000001C1E002020
:1089C4007269676874735F3900000000000000007A
:1089D400241E00206E616D655F31300000000000D0
:1089E40000000000341E002070696E5F313000000A
:1089F4000000000000000000441E00207269676847
:108A040074735F3130000000000000004C1E002031
:108A14006E616D655F3131000000000000000000F0
:108A24005C1E002070696E5F3131000000000000A0
:108A3400000000006C1E00207269676874735F3167
:108A44003100000000000000741E00206E616D659E
:108A54005F3132000000000000000000841E00208E
:108A640070696E5F313200000000000000000000F9
:108A7400941E00207269676874735F3132000000CD
:108A8400000000009C1E00206E616D655F313300A4
:108A94000000000000000000AC1E002070696E5F42
:108AA400313300000000000000000000BC1E002064
:108AB4007269676874735F3133000000000000005E
:108AC400C41E00206E616D655F313400000000003B
:108AD40000000000D41E002070696E5F3134000075
:108AE4000000000000000000E41E002072696768B6
:108AF40074735F313400000000000000EC1E00209D
:108B04006E616D655F3135000000000000000000FB
:108B1400FC1E002070696E5F31350000000000000B
:108B2400000000000C1F00207269676874735F31D5
:108B34003500000000000000141F00206E616D6508
:108B44005F3136000000000000000000241F0020F8
:108B540070696E5F31360000000000000000000004
:108B6400341F00207269676874735F313600000037
:108B7400000000003C1F00206E616D655F3137000E
:108B840000000000000000004C1F002070696E5FB0
:108B94003137000000000000000000005C1F0020CE
:108BA4007269676874735F31370000000000000069
:108BB400641F00206E616D655F31380000000000A5
:108BC40000000000741F002070696E5F31380000DF
:108BD4000000000000000000841F00207269676824
:108BE40074735F3138000000000000008C1F002007
:108BF4006E616D655F313900000000000000000007
:108C04009C1F002070696E5F313900000000000075
:108C140000000000AC1F00207269676874735F3144
:108C24003900000000000000B41F00206E616D6573
:108C34005F3230000000000000000000C41F00206C
:108C440070696E5F32300000000000000000000018
:108C5400D41F00207269676874735F3230000000AB
:108C640000000000DC1F002030363A3030000000E5
:108C740000000000000000000000000000000000F0
:108C840000000000636F6E6669670000000000006A
:108C940000000000D0C6FF1F706F776572667275A2
:108CA4000000000000000000C88DFF1F6461776EA3
:108CB400000000000000000000000000B895FF1F45
:108CC4006475736B000000000000000000000000E9
:108CD400D48DFF1F66616E5F74656D705F31000037
:108CE40000000000EC96FF1F66616E5F74656D7096
:108CF4005F320000000000006497FF1F66616E5F32
:108D040074656D705F330000000000006C97FF1FF6
:108D140064686370000000000000000000000000B0
:108D24004C90FF1F6970000000000000000000006C
:108D34000000000060FCFF1F6D61736B0000000009
:108D4400000000000000000050FCFF1F73657276F5
:108D540065725F697000000000000000BC21002003
:108D6400747A000000000000000000000000000011
:108D7400F896FF1F647374000000000000000000F8
:108D8400000000009897FF1F000000000000000092
:108D94000000000000000000000000003830000067
:108DA40000000000FFFF00005053540000000000CA
:108DB40000000000000000000000000000000000AF
:108DC4000000000000000000383500000000000032
:108DD40037350000000000003235000000000000BC
:108DE40038350000000000003735000000000000A6
:108DF40032350000000000004068010044680100B2
:108E04004C680100546801005868010000580100D2
:108E14005C680100383500000000000039300000B3
:108E240000000000386801003C680100146801007B
:108E3400186801001C680100206801002468010012
:108E44002868010030680100594553000000000003
:108E54000060064001600640026006400360064070
:108E64000460064005600640066006400760064050
:108E740008600640096006400A6006400B60064030
:108E840000000000000000000000000000000000DE
:108E940000000000000000000000000000000000CE
:108EA40000000000000000000000000000000000BE
:108EB40000000000000000000000000000000000AE
:108EC400000000000000000000000000000000009E
:108ED400000000000000000000000000000000008E
:108EE400000000000000000000000000000000007E
:108EF400000000000000000000000000000000006E
:108F0400000000000000000000000000000000005D
:108F1400000000000000000000000000000000004D
:108F2400000000000000000000000000000000003D
:108F3400000000000000000000000000000000002D
:108F4400000000000000000000000000000000001D
:108F5400000000000000000000000000000000000D
:108F640000000000000000000000000000000000FD
:108F740000000000000000000000000000000000ED
:108F840000000000000000000000000000000000DD
:108F940000000000000000000000000000000000CD
:108FA40000000000000000000000000000000000BD
:108FB40000000000000000000000000000000000AD
:108FC400000000000000000000000000000000009D
:108FD400000000000000000000000000000000008D
:108FE400000000000000000000000000000000007D
:108FF400000000000000000000000000000000006D
:10900400000000000000000000000000000000005C
:10901400000000000000000000000000000000004C
:10902400000000000000000000000000000000003C
:10903400000000000000000000000000000000002C
:10904400000000000000000000000000000000001C
:10905400000000000000000000000000000000000C
:1090640000000000000000000000000000000000FC
:1090740000000000000000000000000000000000EC
:1090840000000000000000000000000000000000DC
:10909400000000000000000001000100A0860100A3
:1090A40001000000000000000000000000000000BB
:1090B40000000000000000000000000000000000AC
:1090C40000700640017006400270064003700640BE
:1090D400047006400570064006700640077006409E
:1090E40008700640097006400A7006400B7006407E
:1090F400000000000000000000000000000000006C
:10910400000000000000000000000000000000005B
:10911400000000000000000000000000000000004B
:10912400000000000000000000000000000000003B
:10913400000000000000000000000000000000002B
:10914400000000000000000000000000000000001B
:10915400000000000000000000000000000000000B
:1091640000000000000000000000000000000000FB
:1091740000000000000000000000000000000000EB
:1091840000000000000000000000000000000000DB
:1091940000000000000000000000000000000000CB
:1091A40000000000000000000000000000000000BB
:1091B40000000000000000000000000000000000AB
:1091C400000000000000000000000000000000009B
:1091D400000000000000000000000000000000008B
:1091E400000000000000000000000000000000007B
:1091F400000000000000000000000000000000006B
:10920400000000000000000000000000000000005A
:10921400000000000000000000000000000000004A
:10922400000000000000000000000000000000003A
:10923400000000000000000000000000000000002A
:10924400000000000000000000000000000000001A
:10925400000000000000000000000000000000000A
:1092640000000000000000000000000000000000FA
:1092740000000000000000000000000000000000EA
:1092840000000000000000000000000000000000DA
:1092940000000000000000000000000000000000CA
:1092A40000000000000000000000000000000000BA
:1092B40000000000000000000000000000000000AA
:1092C400000000000000000000000000000000009A
:1092D400000000000000000000000000000000008A
:1092E400000000000000000000000000000000007A
:1092F400000000000000000000000000000000006A
:10930400000000000000000001000200A08601002F
:109314000100000000000000000000000000000048
:109324000000000000000000000000000000000039
:1093340000C002400C7001000000000000000000AA
:109344000000000000000000000000000000000019
:109354000000000000000000000000000000000009
:10936400000000000000000000C00A00DC2A002009
:1093740079B7000079B7000079B7000079B7000029
:1093840079B7000079B7000079B7000079B7000019
:1093940079B7000079B7000079B7000079B7000009
:1093A40079B7000079B7000079B7000079B70000F9
:1093B40079B7000079B7000079B7000079B70000E9
:1093C40079B7000079B7000079B7000079B70000D9
:1093D40079B7000079B7000079B7000079B70000C9
:1093E40079B7000079B7000079B7000079B70000B9
:1093F40079B7000079B7000079B7000079B70000A9
:1094040079B7000079B7000079B7000079B7000098
:1094140079B7000079B7000079B7000079B7000088
:1094240079B7000079B7000079B7000079B7000078
:1094340079B7000079B7000079B7000079B7000068
:1094440079B7000079B7000079B7000079B7000058
:1094540001090A00FFFFFFFF70780100000000000F
:10946400E803000000000000D078010000000000C4
:10947400E803000000000000407901000000000043
:10948400E8030000000000000A04000012011001BB
:1094940002000040C01683047502010203010000AB
:1094A40018035400650065006E00730079006400C1
:1094B400750069006E006F0009024300020100C0DC
:1094C4003209040000010202010005240010010514
:1094D4002401010104240206052406000107058273
:1094E4000310004009040100020A000000070503FC
:1094F40002400000070584024000000016035500E6
:1095040053004200200053006500720069006100AE
:109514006C000000040309040C03000000000000B8
:109524000000000000000000000000000000000037
:10953400000000006CA1FF1FD4A1FF1F3CA2FF1F6D
:109544000000000000000000000000000000000017
:109554000000000000000000000000000000000007
:1095640000000000000000000000000000000000F7
:1095740000000000000000000000000000000000E7
:1095840000000000000000000000000000000000D7
:1095940000000000000000000000000000000000C7
:1095A40000000000000000000000000000000000B7
:1095B40000000000000000000000000000000000A7
:1095C4000000000000000000000000000000000097
:1095D4000000000000000000010000000000000086
:1095E4000E33CDAB34126DE6ECDE05000B0000004B
:1095F4000000000000000000000000000000000067
:109604000000000000000000000000000000000056
:109614000000000000000000000000000000000046
:109624000000000000000000000000000000000036
:109634000000000000000000000000000000000026
:109644000000000000000000000000000000000016
:109654000000000000000000000000000000000006
:1096640000000000000000000000000000000000F6
:1096740000000000000000000000000000000000E6
:1096840000000000000000000000000000000000D6
:1096940000000000000000000000000000000000C6
:1096A40000000000000000000000000000000000B6
:1096B40000000000000000000000000000000000A6
:1096C4000000000000000000000000000000000096
:1096D4000000000000000000000000000000000086
:1096E4000000000000000000000000000000000076
:1096F4000000000000000000000000000000000066
:109704000000000000000000000000000000000055
:109714000000000000000000000000000000000045
:109724000000000000000000000000000000000035
:109734000000000000000000000000000000000025
:109744000000000000000000000000000000000015
:109754000000000000000000000000000000000005
:1097640000000000000000000000000000000000F5
:1097740000000000000000000000000000000000E5
:1097840000000000000000000000000000000000D5
:1097940000000000000000000000000000000000C5
:1097A40000000000000000000000000000000000B5
:1097B40000000000000000000000000000000000A5
:1097C4000000000000000000000000000000000095
:1097D4000000000000000000000000000000000085
:1097E4000000000000000000000000000000000075
:1097F4000000000000000000000000000000000065
:109804000000000000000000000000000000000054
:109814000000000000000000000000000000000044
:109824000000000000000000000000000000000034
:109834000000000000000000000000000000000024
:109844000000000000000000000000000000000014
:109854000000000000000000000000000000000004
:1098640000000000000000000000000000000000F4
:1098740000000000000000000000000000000000E4
:1098840000000000000000000000000000000000D4
:1098940000000000000000000000000000000000C4
:1098A40000000000000000000000000000000000B4
:1098B40000000000000000000000000000000000A4
:1098C4000000000000000000000000000000000094
:1098D4000000000000000000000000000000000084
:1098E4000000000000000000000000000000000074
:1098F4000000000000000000000000000000000064
:109904000000000000000000000000000000000053
:109914000000000000000000000000000000000043
:109924000000000000000000000000000000000033
:109934000000000000000000000000000000000023
:109944000000000000000000000000000000000013
:109954000000000000000000809EFF1F4300000084
:1099640000000000000000000000000000000000F3
:1099740000000000000000000000000043000000A0
:1099840000000000000000000000000000000000D3
:109994000000000000000000000000004300000080
:1099A40000000000000000000000000000000000B3
:1099B4000000000000000000000000004300000060
:1099C4000000000000000000000000000000000093
:1099D4000000000000000000000000004300000040
:1099E4000000000000000000000000000000000073
:1099F4000000000000000000000000004300000020
:109A04000000000000000000000000000000000052
:109A140000000000000000000000000043000000FF
:109A24000000000000000000000000000000000032
:109A3400000000000000000000000000B92E01003A
:109A4400F9F4000000000000847A0100F85F0100CE
:109A5400087501000875010008750100087501000A
:109A640008750100087501000875010008750100FA
:109A740008750100FFFFFFFFFFFFFFFFFFFFFFFF70
:109A8400FFFF00000100415343494900000000006A
:109A940000000000000000000000000000000000C2
:109AA4000000000000004153434949000000000049
:109AB40000000000000000000000000000000000A2
:109AC4000000000000000000000000000000000092
:109AD40018A4FF1F18A4FF1F20A4FF1F20A4FF1F0A
:109AE40028A4FF1F28A4FF1F30A4FF1F30A4FF1FBA
:109AF40038A4FF1F38A4FF1F40A4FF1F40A4FF1F6A
:109B040048A4FF1F48A4FF1F50A4FF1F50A4FF1F19
:109B140058A4FF1F58A4FF1F60A4FF1F60A4FF1FC9
:109B240068A4FF1F68A4FF1F70A4FF1F70A4FF1F79
:109B340078A4FF1F78A4FF1F80A4FF1F80A4FF1F29
:109B440088A4FF1F88A4FF1F90A4FF1F90A4FF1FD9
:109B540098A4FF1F98A4FF1FA0A4FF1FA0A4FF1F89
:109B6400A8A4FF1FA8A4FF1FB0A4FF1FB0A4FF1F39
:109B7400B8A4FF1FB8A4FF1FC0A4FF1FC0A4FF1FE9
:109B8400C8A4FF1FC8A4FF1FD0A4FF1FD0A4FF1F99
:109B9400D8A4FF1FD8A4FF1FE0A4FF1FE0A4FF1F49
:109BA400E8A4FF1FE8A4FF1FF0A4FF1FF0A4FF1FF9
:109BB400F8A4FF1FF8A4FF1F00A5FF1F00A5FF1FA7
:109BC40008A5FF1F08A5FF1F10A5FF1F10A5FF1F55
:109BD40018A5FF1F18A5FF1F20A5FF1F20A5FF1F05
:109BE40028A5FF1F28A5FF1F30A5FF1F30A5FF1FB5
:109BF40038A5FF1F38A5FF1F40A5FF1F40A5FF1F65
:109C040048A5FF1F48A5FF1F50A5FF1F50A5FF1F14
:109C140058A5FF1F58A5FF1F60A5FF1F60A5FF1FC4
:109C240068A5FF1F68A5FF1F70A5FF1F70A5FF1F74
:109C340078A5FF1F78A5FF1F80A5FF1F80A5FF1F24
:109C440088A5FF1F88A5FF1F90A5FF1F90A5FF1FD4
:109C540098A5FF1F98A5FF1FA0A5FF1FA0A5FF1F84
:109C6400A8A5FF1FA8A5FF1FB0A5FF1FB0A5FF1F34
:109C7400B8A5FF1FB8A5FF1FC0A5FF1FC0A5FF1FE4
:109C8400C8A5FF1FC8A5FF1FD0A5FF1FD0A5FF1F94
:109C9400D8A5FF1FD8A5FF1FE0A5FF1FE0A5FF1F44
:109CA400E8A5FF1FE8A5FF1FF0A5FF1FF0A5FF1FF4
:109CB400F8A5FF1FF8A5FF1F00A6FF1F00A6FF1FA2
:109CC40008A6FF1F08A6FF1F10A6FF1F10A6FF1F50
:109CD40018A6FF1F18A6FF1F20A6FF1F20A6FF1F00
:109CE40028A6FF1F28A6FF1F30A6FF1F30A6FF1FB0
:109CF40038A6FF1F38A6FF1F40A6FF1F40A6FF1F60
:109D040048A6FF1F48A6FF1F50A6FF1F50A6FF1F0F
:109D140058A6FF1F58A6FF1F60A6FF1F60A6FF1FBF
:109D240068A6FF1F68A6FF1F70A6FF1F70A6FF1F6F
:109D340078A6FF1F78A6FF1F80A6FF1F80A6FF1F1F
:109D440088A6FF1F88A6FF1F90A6FF1F90A6FF1FCF
:109D540098A6FF1F98A6FF1FA0A6FF1FA0A6FF1F7F
:109D6400A8A6FF1FA8A6FF1FB0A6FF1FB0A6FF1F2F
:109D7400B8A6FF1FB8A6FF1FC0A6FF1FC0A6FF1FDF
:109D8400C8A6FF1FC8A6FF1FD0A6FF1FD0A6FF1F8F
:109D9400D8A6FF1FD8A6FF1FE0A6FF1FE0A6FF1F3F
:109DA400E8A6FF1FE8A6FF1FF0A6FF1FF0A6FF1FEF
:109DB400F8A6FF1FF8A6FF1F00A7FF1F00A7FF1F9D
:109DC40008A7FF1F08A7FF1F10A7FF1F10A7FF1F4B
:109DD40018A7FF1F18A7FF1F20A7FF1F20A7FF1FFB
:109DE40028A7FF1F28A7FF1F30A7FF1F30A7FF1FAB
:109DF40038A7FF1F38A7FF1F40A7FF1F40A7FF1F5B
:109E040048A7FF1F48A7FF1F50A7FF1F50A7FF1F0A
:109E140058A7FF1F58A7FF1F60A7FF1F60A7FF1FBA
:109E240068A7FF1F68A7FF1F70A7FF1F70A7FF1F6A
:109E340078A7FF1F78A7FF1F80A7FF1F80A7FF1F1A
:109E440088A7FF1F88A7FF1F90A7FF1F90A7FF1FCA
:109E540098A7FF1F98A7FF1FA0A7FF1FA0A7FF1F7A
:109E6400A8A7FF1FA8A7FF1FB0A7FF1FB0A7FF1F2A
:109E7400B8A7FF1FB8A7FF1FC0A7FF1FC0A7FF1FDA
:109E8400C8A7FF1FC8A7FF1FD0A7FF1FD0A7FF1F8A
:109E9400D8A7FF1FD8A7FF1FE0A7FF1FE0A7FF1F3A
:109EA400E8A7FF1FE8A7FF1FF0A7FF1FF0A7FF1FEA
:109EB400F8A7FF1FF8A7FF1F00A8FF1F00A8FF1F98
:109EC40008A8FF1F08A8FF1F10A8FF1F10A8FF1F46
:089ED40000000200FFFFFFFF88
:00000001FF
